circle,for_search
#define,#define
#せいゆうろうどく,#せいゆうろうどく
#ハチゼロニ,#ハチゼロニ
&MORE,&MORE
*えあてぃれん*,えあてぃれん
+ ucca ∫ ucca +, ucca ∫ ucca 
+Dream,Dream
- ほわいとろぉず,- ほわいとろぉず
.␣ [Dot-Space],.␣ Dot-Space]
072LABO,072LABO
072LABOコラボ,072LABOコラボ
072LABOプッシー,072LABOプッシー
072SADISM,072SADISM
"087OMOWAZU,YARITAKU,NARUYONE","087OMOWAZU,YARITAKU,NARUYONE"
1.19♂,1.19♂
10 past,10 past
1000Tree,1000Tree
100均girls,100均girls
10分オーガズム,10分オーガズム
10次元,10次元
168カフェ,168カフェ
184,184
18禁SE,18禁SE
18禁音声サークル「凌辱」,18禁音声サークル「凌辱」
1chance.jp,1chance.jp
1日分のもちもちだま,1日分のもちもちだま
20+1,201
250歩の路地,250歩の路地
3-chord,3-chord
300y's,300y's
3Dgirls,3Dgirls
3Dgirls総本店,3Dgirls総本店
3Dライブ,3Dライブ
3Dワークス,3Dワークス
3階に住むはなつき,3階に住むはなつき
4545ワンコイン,4545ワンコイン
4545本舗,4545本舗
4ZIGEN TRIP,4ZIGEN TRIP
55,55
5thcode,5thcode
69Girls,69Girls
69トロイメライ,69トロイメライ
69期生,69期生
6COLORS,6COLORS
7 Cats and Nuts ねこなっつ,7 Cats and Nuts ねこなっつ
773次元,773次元
7color,7color
888,888
@oneone,@oneone
@sel_ple,@sel_ple
@あくびちゃん,@あくびちゃん
A*Citrus,ACitrus
ABCs,ABCs
ADACHIKAonVoice,ADACHIKAonVoice
AJBRC,AJBRC
AKふぁくとりぃ,AKふぁくとりぃ
AM2,AM2
AM2:00に鈴は鳴る,AM2:00に鈴は鳴る
AMURE,AMURE
ANIMATO,ANIMATO
APPLE project,APPLE project
AQUARIPPLES,AQUARIPPLES
ART111,ART111
ARTERIAL HEART,ARTERIAL HEART
ASAHiNA,ASAHiNA
ASH-voice-,ASH-voice-
ASMR 添い寝 耳かきボイス,ASMR 添い寝 耳かきボイス
ASMR_namemina,ASMR_namemina
ASMR中毒,ASMR中毒
ASMR部チャンネル,ASMR部チャンネル
AXZ,AXZ
AZwrite.,AZwrite.
AaronPoint,AaronPoint
Accept you,Accept you
AgeRatum,AgeRatum
Aggressive Measures,Aggressive Measures
Ahomi,Ahomi
AiRi,AiRi
Ajikade House,Ajikade House
Ak Voice,Ak Voice
Akari Blast!,Akari Blast!
Akoのあま～いASMR,Akoのあま～いASMR
Alma,Alma
AmoRade,AmoRade
Ananas,Ananas
AnayaSoft,AnayaSoft
Ancient,Ancient
Ancient Rose,Ancient Rose
Ane。,Ane。
Angel Healing,Angel Healing
Angel Whistle,Angel Whistle
Anne*Sonne,AnneSonne
Aoneカンパニー,Aoneカンパニー
Aphrodite,Aphrodite
Aquaries,Aquaries
Arcadia,Arcadia
Arche-Type,Arche-Type
Artemistare,Artemistare
Ash,Ash
Asmr-cy,Asmr-cy
Atelier Honey*,Atelier Honey
Atelier Kumaz,Atelier Kumaz
Attacco Di Suono,Attacco Di Suono
Audio works Y,Audio works Y
Automata,Automata
Aボイス,Aボイス
B-Baby,B-Baby
B-bishop,B-bishop
BAGWORM,BAGWORM
BBQ-TIME,BBQ-TIME
BBQ大好き,BBQ大好き
BELL Plant,BELL Plant
BENI-KURAGE,BENI-KURAGE
BGY′S,BGY′S
BIGRUN,BIGRUN
BLACK BUNNY,BLACK BUNNY
BLACKSEED,BLACKSEED
BLACK★BASE,BLACK★BASE
BLOOM FACTORY,BLOOM FACTORY
BLUE ROSE,BLUE ROSE
BOGUDO,BOGUDO
BSS 僕が先に好きだったのに…普及委員会,BSS 僕が先に好きだったのに…普及委員会
Baby Ca Stella,Baby Ca Stella
Bee-Soft,Bee-Soft
BeeBeeBee,BeeBeeBee
Bee_H,Bee_H
Bellso,Bellso
Bitter Queen,Bitter Queen
Black Shadow,Black Shadow
BlackCamellia,BlackCamellia
BlackJuneBride,BlackJuneBride
Blue Summer Night,Blue Summer Night
Blue-Dahlia-Digital-Creators.,Blue-Dahlia-Digital-Creators.
Bolt,Bolt
BornClunkers,BornClunkers
BouSoft,BouSoft
Brain Junction,Brain Junction
Bride of the cliffs,Bride of the cliffs
Brunet,Brunet
Butterfly Dream,Butterfly Dream
C-LoveR,C-LoveR
C.C.B,C.C.B
C.O.V.,C.O.V.
CANDY VOICE,CANDY VOICE
CA’sunderground,CA’sunderground
CEEM,CEEM
CHERRY・ON・DEMAND,CHERRY・ON・DEMAND
CHIKAKU,CHIKAKU
CJC,CJC
CKD's,CKD's
CLIP☆CRAFT☆PLUS,CLIP☆CRAFT☆PLUS
CLOCKUP,CLOCKUP
CRAVEALL,CRAVEALL
CROWN,CROWN
CSM,CSM
C_O (B_SIDE),C_O B_SIDE
C_Realization,C_Realization
CaCao-90%,CaCao-90%
Camellia音声作品,Camellia音声作品
Canal Soft,Canal Soft
Candy Transfer,Candy Transfer
CandyMelody,CandyMelody
CandyWhip,CandyWhip
Carbohydrate,Carbohydrate
Casket Voice,Casket Voice
Cat or Fox !?,Cat or Fox !
Cat√,Cat√
Chastity Fancier(性的禁欲愛好家),Chastity Fancier性的禁欲愛好家
Chemi-Story,Chemi-Story
Cherry Boy Audio,Cherry Boy Audio
Chi-to,Chi-to
Chocolatier×ゆめ,Chocolatier×ゆめ
ChronoSoftware,ChronoSoftware
Chronus,Chronus
Chuchoter,Chuchoter
Cipher,Cipher
Circle HO,Circle HO
Clan Berry Creation,Clan Berry Creation
Clock tower,Clock tower
Cloud-9-Gate,Cloud-9-Gate
CloudNine,CloudNine
Clubはにわり,Clubはにわり
CocytusGarden,CocytusGarden
Colapi,Colapi
Colla Voice,Colla Voice
Contempt More,Contempt More
CoolStyle,CoolStyle
Copen Factory,Copen Factory
Cord letter,Cord letter
Core,Core
CracK Pot,CracK Pot
Cream-Pai,Cream-Pai
CreativeMirage,CreativeMirage
Crescendo,Crescendo
Crow Scenario Studio,Crow Scenario Studio
Cubic,Cubic
Cum Cum Creampie,Cum Cum Creampie
Cwis,Cwis
CyberGift,CyberGift
D-aphrodite,D-aphrodite
D-ivision,D-ivision
D-リング,D-リング
D/L,D/L
DAINZIA,DAINZIA
DDBY,DDBY
DGらいおん,DGらいおん
DICK WIMPS,DICK WIMPS
DI缶,DI缶
DJ 手淫,DJ 手淫
DLsite,DLsite
DLsite × きただりょうま,DLsite × きただりょうま
DLsite×ナイーブタ,DLsite×ナイーブタ
DLsiteシナリオコンテスト,DLsiteシナリオコンテスト
DL製作班,DL製作班
DOLL PLAY,DOLL PLAY
DREAMING,DREAMING
DYSTOPIAN PORTAL,DYSTOPIAN PORTAL
Dancing Snow,Dancing Snow
Dear Horn,Dear Horn
December Rabbit,December Rabbit
Deep;Dahlia,Deep;Dahlia
Delivery Voice,Delivery Voice
Delphi,Delphi
DiaperDiary(diadia),DiaperDiarydiadia
Digital Plot,Digital Plot
Digle,Digle
Dogrun,Dogrun
Dr. Love Holic,Dr. Love Holic
DragonMango,DragonMango
Dream into Depth,Dream into Depth
Dream or Real,Dream or Real
DreamLight,DreamLight
Dreamy,Dreamy
Drop Sohila,Drop Sohila
E*17,E17
E*Project,EProject
E.O.S.N,E.O.S.N
ELIXIR,ELIXIR
EMUCUS,EMUCUS
EROASSETS,EROASSETS
EXCEED VOICE,EXCEED VOICE
EXcute,EXcute
Egoist,Egoist
Egret,Egret
Eles Terrier,Eles Terrier
Elos,Elos
Es_Lab,Es_Lab
Eショップ,Eショップ
F-girls,F-girls
F. PRODUCTIONS,F. PRODUCTIONS
F.B.F,F.B.F
F.T.W.,F.T.W.
FANTASY・FACTORY,FANTASY・FACTORY
FANTAZ,FANTAZ
FETISH THE WORLD,FETISH THE WORLD
FLAIR,FLAIR
FLAME,FLAME
FRANZ AMEL,FRANZ AMEL
FTW_II,FTW_II
FVプロジェクト,FVプロジェクト
Factoriinu,Factoriinu
Fairy Strategy,Fairy Strategy
Feet Voice,Feet Voice
FestaオリジナルASMR,FestaオリジナルASMR
Fighting Zen,Fighting Zen
Flage,Flage
Flamingo Paradise,Flamingo Paradise
Floor project,Floor project
Flower Umbrella,Flower Umbrella
FortunesFreak,FortunesFreak
Franberry*,Franberry
F・A・S,F・A・S
G DRAIN,G DRAIN
G-SELF,G-SELF
G2コネクト,G2コネクト
GHOST SHIP,GHOST SHIP
GLORY SOUND,GLORY SOUND
GLOW-BE,GLOW-BE
GRAVITY WORK X,GRAVITY WORK X
GREENWAY,GREENWAY
GRINP,GRINP
GSわーるど,GSわーるど
Garden of pleasure,Garden of pleasure
German Suplex,German Suplex
GirlSport,GirlSport
Gleaming Moisture,Gleaming Moisture
Goldilocks Voice,Goldilocks Voice
Gossip,Gossip
GrayGreed,GrayGreed
Greedian,Greedian
Gremorytone,Gremorytone
Groovin Girls,Groovin Girls
Group lightning,Group lightning
Gypsophila,Gypsophila
G’sfactory,G’sfactory
G線上の牡丹雪,G線上の牡丹雪
HANAYA,HANAYA
HELLCircus,HELLCircus
HIMARI project,HIMARI project
HONEY BEE,HONEY BEE
HONEY CAT VOICE,HONEY CAT VOICE
HORNET,HORNET
HORNY-KING,HORNY-KING
HOTCAST WAVE,HOTCAST WAVE
HOTZONE,HOTZONE
HandAssemble,HandAssemble
Handoru,Handoru
HayateCancel,HayateCancel
Healing Lover,Healing Lover
HealingSpace,HealingSpace
"Hello,Sound!!","Hello,Sound!!"
Hentai Girls,Hentai Girls
Hentai Senshi,Hentai Senshi
Hey_Guys_I_Have_ASMR_For_You,Hey_Guys_I_Have_ASMR_For_You
High Island,High Island
HighGirls,HighGirls
Hollyhock,Hollyhock
Honey Contrast,Honey Contrast
Honey Drop,Honey Drop
Honey headz,Honey headz
HoneyLabel,HoneyLabel
HyPle,HyPle
Hypno Story,Hypno Story
HypnoLifeforMEN,HypnoLifeforMEN
Hypnotic_Yanh,Hypnotic_Yanh
HロSMR,HロSMR
I,I
I&U,I&U
I'm moralist,I'm moralist
ID,ID
IRON ATTACK!,IRON ATTACK!
IRON PRIEST,IRON PRIEST
IRON RIB,IRON RIB
IRON Y,IRON Y
IZUMO USAGI,IZUMO USAGI
Iberis Words,Iberis Words
Ico-ba,Ico-ba
IllusionDriVE,IllusionDriVE
Irupana-Label,Irupana-Label
It's more<いつも> Voice,It's more<いつも> Voice
Itit Games,Itit Games
J.A.Promotion,J.A.Promotion
J9歌劇団,J9歌劇団
JKworks,JKworks
JK×ASMR,JK×ASMR
JKシチュボ専門研究所,JKシチュボ専門研究所
JON,JON
Jackpot Blues,Jackpot Blues
J〇ほんぽ,J〇ほんぽ
J〇ほんぽプロトロ,J〇ほんぽプロトロ
K.Oak,K.Oak
K.T.P.V.D,K.T.P.V.D
KAEDEWORK'S,KAEDEWORK'S
KD音,KD音
KI-SofTWarE,KI-SofTWarE
KOTOKOTO,KOTOKOTO
KTFACTORY,KTFACTORY
KUKURI,KUKURI
Kaleidoscope,Kaleidoscope
Kanata Hikari Project,Kanata Hikari Project
Klarheit,Klarheit
KoZue*の春,KoZueの春
Kraft,Kraft
Krieseve,Krieseve
Kumogami,Kumogami
Kyoka-san is a goddess,Kyoka-san is a goddess
LAZEMAN,LAZEMAN
LI Project,LI Project
LILACBOX,LILACBOX
LORELEY,LORELEY
LOVE MAKER,LOVE MAKER
LOVE NIGHTMARE,LOVE NIGHTMARE
LOVE VOICE,LOVE VOICE
LOVE&HATE,LOVE&HATE
LOVEぐるぐる,LOVEぐるぐる
LYTO,LYTO
La(o)st color,Laost color
La-MyOn,La-MyOn
LaLaLa Ride,LaLaLa Ride
Lapingris,Lapingris
LargeLewdLocation,LargeLewdLocation
Last remote island,Last remote island
"Le château de ""NTRじ""","Le château de ""NTRじ"""
Lewd Kawaii,Lewd Kawaii
LiLA'c Records,LiLA'c Records
Lilith [リリス],Lilith リリス]
Lilium rubellum,Lilium rubellum
LingerieRose,LingerieRose
Liptrip,Liptrip
Little Curly,Little Curly
Little Oasis,Little Oasis
LondonJanuary,LondonJanuary
Lonely Church,Lonely Church
Lonicera,Lonicera
Loser/s,Loser/s
Lotophagos,Lotophagos
Love labo,Love labo
Love!t,Love!t
LovelyTune,LovelyTune
Lovelyvoices,Lovelyvoices
Lover'sHand,Lover'sHand
LunaticFox,LunaticFox
Lunch vox,Lunch vox
Lusty*Kiss,LustyKiss
LuvC'd,LuvC'd
Luwen Workshop,Luwen Workshop
LykSound,LykSound
M & F books,M & F books
M'sファクトリー,M'sファクトリー
M-Arms,M-Arms
M-Monster,M-Monster
M-STUDIO,M-STUDIO
M-Style Taste,M-Style Taste
M-design,M-design
MAO,MAO
MASOINWASH,MASOINWASH
MASUO SANDORINI,MASUO SANDORINI
MAX Revolution,MAX Revolution
MCLASS,MCLASS
MEKAYA,MEKAYA
MEKAYA-CUE,MEKAYA-CUE
MERMAID,MERMAID
MEism,MEism
MF文庫J,MF文庫J
MHB,MHB
MILD BLEND,MILD BLEND
MILKY MODE.,MILKY MODE.
MIMIniMICAN,MIMIniMICAN
MIND CIRCUS,MIND CIRCUS
MIYUKI-voice-,MIYUKI-voice-
MKS.com,MKS.com
MM,MM
MMK倶楽部,MMK倶楽部
MUA,MUA
MUKU,MUKU
MUZE FACTORY,MUZE FACTORY
M_Holic,M_Holic
Majoizm,Majoizm
Majolica,Majolica
Malice,Malice
ManiaHolic,ManiaHolic
Maple Voice,Maple Voice
MapleSyrupps,MapleSyrupps
Masters Of Ero(MOE),Masters Of EroMOE
MateriaBox,MateriaBox
MayThird,MayThird
Mermaid Labo,Mermaid Labo
Mi2(えむあいつー),Mi2えむあいつー
MiMi PROJECT,MiMi PROJECT
MiMiA Cute,MiMiA Cute
Miel Siréne,Miel Siréne
Milkyworks,Milkyworks
Mintroid,Mintroid
Mistless Piece,Mistless Piece
Mobile Magnate Ltd,Mobile Magnate Ltd
Moist,Moist
MooNSHINeR,MooNSHINeR
Moratorium Syndrome,Moratorium Syndrome
Morning Glory,Morning Glory
Mz,Mz
MärchenMarch,MärchenMarch
Mのささやき,Mのささやき
Mの楽園,Mの楽園
Mの民,Mの民
M君に娘サウンド室,M君に娘サウンド室
M型オーガ製作所,M型オーガ製作所
M屋,M屋
NAGINATA VOICE(旧つようさ),NAGINATA VOICE旧つようさ
NEXT MIK Software,NEXT MIK Software
NTR工房,NTR工房
NaCl,NaCl
Nanamori Studio,Nanamori Studio
Nebula,Nebula
Needle Hole Needs,Needle Hole Needs
NiboShiyA,NiboShiyA
Niche Pinch,Niche Pinch
Night Avenue,Night Avenue
No Such Agency,No Such Agency
Noctiluca,Noctiluca
Noctis Lacus,Noctis Lacus
Norn／Miel／Cybele,Norn／Miel／Cybele
North South,North South
North-Side,North-Side
NorthCore,NorthCore
Novel-Trance-Lab,Novel-Trance-Lab
Nst,Nst
Nymphomania,Nymphomania
OBEMasters,OBEMasters
OMNIS,OMNIS
ONSP,ONSP
OPAI,OPAI
OS通信,OS通信
OTOBANANAと秘密の部屋,OTOBANANAと秘密の部屋
OTTO,OTTO
Obihisa,Obihisa
Office Mazanka,Office Mazanka
Omega Program / 正経同人,Omega Program / 正経同人
Otozock,Otozock
P.S.リップマン,P.S.リップマン
PARTICLE,PARTICLE
PBL,PBL
PCTN,PCTN
PEro Colle,PEro Colle
PINK CHUCHU,PINK CHUCHU
PINK PUNK PRO,PINK PUNK PRO
PINKISH ATION,PINKISH ATION
PLUTO,PLUTO
POTAYA,POTAYA
PPK SOUNDS,PPK SOUNDS
PacoProject,PacoProject
Pacot,Pacot
PaletoneGeministar,PaletoneGeministar
Palindream,Palindream
Paper Moon,Paper Moon
Parabola,Parabola
Paraphilia Voice,Paraphilia Voice
PeachPeach,PeachPeach
PearMint,PearMint
PearlGray,PearlGray
Pecologic,Pecologic
Peko Peko Garou,Peko Peko Garou
Perf one,Perf one
Persephone,Persephone
Pfactory,Pfactory
Pianissimo,Pianissimo
Piedi marci,Piedi marci
PixelPlanet,PixelPlanet
PlanF,PlanF
Plime,Plime
PrincessSugar,PrincessSugar
Project Clown,Project Clown
Project E.L.C,Project E.L.C
ProjectE,ProjectE
ProjectH×H,ProjectH×H
ProjectRepadars,ProjectRepadars
ProtoPlot,ProtoPlot
PumpkinPrinz,PumpkinPrinz
Pure Cherry,Pure Cherry
Purple ocean,Purple ocean
PurpleSoftware,PurpleSoftware
PuweetyCake,PuweetyCake
Q-MODEL,Q-MODEL
Querica Music,Querica Music
Quiétude,Quiétude
R&W,R&W
R.M.R,R.M.R
R.S.I.,R.S.I.
RAD,RAD
RAIMULIGHT(ライムライト),RAIMULIGHTライムライト
RAV,RAV
RBプロジェクト,RBプロジェクト
RED-links,RED-links
REDSHIFT,REDSHIFT
RIDE-OUT,RIDE-OUT
RIN world,RIN world
RIPVEIL,RIPVEIL
RIPVEIL_VOICE,RIPVEIL_VOICE
RIRI,RIRI
RMR Robot's Makes Revolution,RMR Robot's Makes Revolution
RaRo,RaRo
Rabbit SisterS,Rabbit SisterS
Rad.Revel,Rad.Revel
RadioERO,RadioERO
RainWaterServer,RainWaterServer
Rainbowdimension,Rainbowdimension
Random Access Memories,Random Access Memories
Re-Mu,Re-Mu
Re:AcT,Re:AcT
Re:Apple,Re:Apple
Re:I,Re:I
Re:Volte,Re:Volte
Re:sound,Re:sound
Re;load,Re;load
ReFlect,ReFlect
Real Time,Real Time
Realize (旧back fill),Realize 旧back fill
Recitative,Recitative
Refer U,Refer U
Relax Voice,Relax Voice
Remix,Remix
RenIhs,RenIhs
Rico-ba & Ico-ba,Rico-ba & Ico-ba
Ring a Bell,Ring a Bell
Rious,Rious
Rip@Lip,Rip@Lip
Robo-Nepen,Robo-Nepen
Rotten Apple,Rotten Apple
RubCraft,RubCraft
Rulers,Rulers
Ryohey Tsuneishi,Ryohey Tsuneishi
Rの消失,Rの消失
SAEZURY,SAEZURY
SAKURA☆ESPRESSO,SAKURA☆ESPRESSO
SECRET LAGOON,SECRET LAGOON
SEEMOSU,SEEMOSU
SEI's factory,SEI's factory
SIEGE SOUND,SIEGE SOUND
SIXER,SIXER
SM音声屋さん,SM音声屋さん
SOME LEAVES,SOME LEAVES
SORA-UO,SORA-UO
SP Group,SP Group
SPOON,SPOON
SPモードマン,SPモードマン
SS CUTE,SS CUTE
SSS企画,SSS企画
STK,STK
STUDIO Bullet,STUDIO Bullet
STUDIO GAKKIE,STUDIO GAKKIE
STUDIO koemee,STUDIO koemee
STUDIOあん♥リ♪Safaira,STUDIOあん♥リ♪Safaira
STUDIOふあん,STUDIOふあん
STUDIOぺるくらっぺ,STUDIOぺるくらっぺ
STUDIO写楽,STUDIO写楽
STUDiO G-POWER!,STUDiO G-POWER!
SUZUKA,SUZUKA
SWEETHOLIQUE,SWEETHOLIQUE
SWEET×MONSTER,SWEET×MONSTER
Sage,Sage
Sargas,Sargas
SatelliteWorks,SatelliteWorks
Scarbo,Scarbo
SeaSky,SeaSky
Seina,Seina
Seven Tears,Seven Tears
Sharktales.,Sharktales.
SheepKnight,SheepKnight
Shell Voice,Shell Voice
Si-A,Si-A
SigMart ASMR,SigMart ASMR
Sigma Soft Echo,Sigma Soft Echo
Signal,Signal
Signal Cherry,Signal Cherry
Simultaneous,Simultaneous
Singa,Singa
Sister notes,Sister notes
SlapStickStrike,SlapStickStrike
Sleepy Frippy,Sleepy Frippy
Sleepy-Cube,Sleepy-Cube
SlithyVox,SlithyVox
Small World,Small World
Snow Leopard,Snow Leopard
Snow Prism,Snow Prism
Snow*Blossom,SnowBlossom
Snowdrop,Snowdrop
Snowsound,Snowsound
Soft garden,Soft garden
Solid Neek,Solid Neek
SomaliStudio,SomaliStudio
Sometimes Bad Tool,Sometimes Bad Tool
Sorrel Records,Sorrel Records
Sound Carnaval,Sound Carnaval
Sound Tears,Sound Tears
Sounds Good,Sounds Good
Sound＆Actors,Sound＆Actors
SpaceCat,SpaceCat
SpiceStudio,SpiceStudio
Star Sign Cafe,Star Sign Cafe
Starlit Sky,Starlit Sky
Steam Flyer,Steam Flyer
Steel Doll,Steel Doll
StoneCricket,StoneCricket
Story Circle,Story Circle
Strawberry Voice,Strawberry Voice
Studio Nireil,Studio Nireil
Studio Nuts,Studio Nuts
Studio Oh-en,Studio Oh-en
Studio Reika,Studio Reika
Studio5T,Studio5T
StudioS,StudioS
StudioT916,StudioT916
Sugarette,Sugarette
SukeraSono,SukeraSono
Sumikko Circle,Sumikko Circle
SweE-Tea,SweE-Tea
SweeTec,SweeTec
Sweet Fruits,Sweet Fruits
Sweet Little KISS,Sweet Little KISS
Sweet Lovin',Sweet Lovin'
Sweet Princess,Sweet Princess
SweetNightmare,SweetNightmare
Sweet★Magic,Sweet★Magic
Symphonic Heart,Symphonic Heart
Sパートナーズ,Sパートナーズ
S彼女,S彼女
T.s project,T.s project
TAE,TAE
TAKK,TAKK
TCC,TCC
THE SERGEANT,THE SERGEANT
TKB愛好会,TKB愛好会
TOB,TOB
TOO HOT,TOO HOT
TORaIKI,TORaIKI
TS heaven,TS heaven
TSらぼ,TSらぼ
TS内燃機,TS内燃機
TYPE-SPARE,TYPE-SPARE
Tangerine Drop Tea,Tangerine Drop Tea
Taranto@GHS,Taranto@GHS
Tax841%,Tax841%
Tea Time,Tea Time
Team IVproject,Team IVproject
Team Moko App.,Team Moko App.
Teamはれんち,Teamはれんち
TetoRealSunrain,TetoRealSunrain
The Nation of Head Scissors,The Nation of Head Scissors
The sense of sight,The sense of sight
TigerGateProject,TigerGateProject
Tonhのサークル,Tonhのサークル
Trance-Me!!,Trance-Me!!
Transparent Chorion,Transparent Chorion
Tsurbeid,Tsurbeid
Tuberose kiss,Tuberose kiss
Twilight Creation,Twilight Creation
Tケルベロス,Tケルベロス
T・てらばいと,T・てらばいと
U-Stella Inc.,U-Stella Inc.
U/Crosette,U/Crosette
UGO,UGO
UNICORN MAGIC,UNICORN MAGIC
USA WORKS,USA WORKS
US耳,US耳
UTEN+,UTEN
UTworks,UTworks
UZMR,UZMR
UZrecords,UZrecords
Umbrella,Umbrella
Underground Fuckerz,Underground Fuckerz
VEROS,VEROS
VIVVVT,VIVVVT
VODALES,VODALES
VOICE DARKNESS,VOICE DARKNESS
VOICE JUNCTION,VOICE JUNCTION
VOICE KISS,VOICE KISS
VOICE LABO,VOICE LABO
VOICE LOVER,VOICE LOVER
VOICE☆FACTORY,VOICE☆FACTORY
VOIMIN (ボイミン),VOIMIN ボイミン
VOiCERiUM,VOiCERiUM
Vanilla,Vanilla
VanitasGirl,VanitasGirl
Vhigh!,Vhigh!
Voice Ace,Voice Ace
Voicemelt*,Voicemelt
VoidLabo,VoidLabo
Vtuberのもう一つの側面を密かに発掘!,Vtuberのもう一つの側面を密かに発掘!
Vtuberぺぺ子,Vtuberぺぺ子
Vぱれっと,Vぱれっと
WEB WAVE LIB,WEB WAVE LIB
WEST & light,WEST & light
WHITE RIBBON,WHITE RIBBON
WIND-OF-SILVER,WIND-OF-SILVER
Water,Water
Water Castle,Water Castle
Waterfall,Waterfall
Wedge White,Wedge White
Whisp,Whisp
White Garden,White Garden
White*Mousse,WhiteMousse
WhiteFox,WhiteFox
WhiteLily,WhiteLily
"WhiteSeed,Ink.","WhiteSeed,Ink."
WhiteShamu,WhiteShamu
WiSH,WiSH
Widream,Widream
Will O Wills,Will O Wills
Winged Cloud,Winged Cloud
WomanTone,WomanTone
World_022,World_022
XNSounds,XNSounds
XTRA ORDER,XTRA ORDER
XXIV,XXIV
Xie,Xie
Y's Project,Y's Project
YAO,YAO
YATAKITSUNE,YATAKITSUNE
YOUism,YOUism
YSMR,YSMR
YSOK,YSOK
YUIKA'S ROOM,YUIKA'S ROOM
YUKINO,YUKINO
YURURI,YURURI
Yostar,Yostar
You-社Project,You-社Project
YukiKasumi,YukiKasumi
YumeHikoWeb,YumeHikoWeb
Zinc,Zinc
a 7days L.A.B,a 7days L.A.B
abnormal fantasy,abnormal fantasy
abyssal forest,abyssal forest
aibooks,aibooks
ajaib suara,ajaib suara
akiサークル,akiサークル
alice + jewel,alice  jewel
amacumo,amacumo
amam,amam
amnesia,amnesia
amoroso,amoroso
and.Voice,and.Voice
animal-beats-record,animal-beats-record
aromatic girl,aromatic girl
askot,askot
asmrボイス研究室,asmrボイス研究室
atelierASG,atelierASG
atrata feles,atrata feles
avva,avva
birthmark,birthmark
blackline,blackline
blood_cloak,blood_cloak
blue fountain,blue fountain
botchman,botchman
c100m50,c100m50
caburibbon,caburibbon
candy box,candy box
candyrain,candyrain
celestaria*,celestaria
charmarry*,charmarry
charming steps,charming steps
chocolat☆ぷろじぇくと,chocolat☆ぷろじぇくと
chocoraise,chocoraise
circle J,circle J
cloister,cloister
cocchi-koi,cocchi-koi
colorful palette,colorful palette
count_zero,count_zero
cuculo,cuculo
dHR研,dHR研
darve,darve
denebola,denebola
deno*cono,denocono
diletta,diletta
disfact,disfact
dream girls,dream girls
e-kimochi,e-kimochi
eagle production,eagle production
eat_ONIKU,eat_ONIKU
elpis.,elpis.
escapia,escapia
ethyl alcohol,ethyl alcohol
everestpeak,everestpeak
fatallost,fatallost
figpeachソフトウエア,figpeachソフトウエア
gameQB,gameQB
gemstone,gemstone
girlishmoon,girlishmoon
glycine,glycine
hajipro,hajipro
human chair,human chair
impress girl,impress girl
integral,integral
inuneko喫茶,inuneko喫茶
irony,irony
katalilio,katalilio
kazo lab,kazo lab
kiTsuNe_aLice,kiTsuNe_aLice
kidnap company,kidnap company
kindorkind,kindorkind
kitten night,kitten night
kodama lab.,kodama lab.
kotoneiro,kotoneiro
kugimiarea,kugimiarea
labilab,labilab
lamb,lamb
lapis,lapis
lip ripples,lip ripples
lithium,lithium
loopsoft,loopsoft
m3t(みみもと),m3tみみもと
magnolia,magnolia
maskメロン,maskメロン
meVius,meVius
megalomania,megalomania
mellow merrow,mellow merrow
meltD,meltD
meltycandyPlanet,meltycandyPlanet
merrysherry,merrysherry
milk party,milk party
milk ring,milk ring
mimachimu,mimachimu
mimi LABO,mimi LABO
minmine,minmine
miz,miz
moarea88,moarea88
moon cat,moon cat
mosquito cock,mosquito cock
near here,near here
never out,never out
niwa,niwa
nst,nst
ntrworld,ntrworld
off ton ton,off ton ton
oresam,oresam
oto,oto
pakogahara,pakogahara
paleontology,paleontology
pekoにゃん,pekoにゃん
plasticwater,plasticwater
plug in.東京,plug in.東京
poc♡ket,poc♡ket
pornograph/らんぐ・ど・しゃ,pornograph/らんぐ・ど・しゃ
pour toujours,pour toujours
pre-blossom,pre-blossom
project Luminasys,project Luminasys
pumpkin,pumpkin
pure voice,pure voice
pygmalion,pygmalion
qpStudio,qpStudio
rabits,rabits
rain,rain
ratis,ratis
re:creation,re:creation
reboot,reboot
regeneration studio,regeneration studio
replicant5,replicant5
ristorante,ristorante
safadas,safadas
sakuravoice,sakuravoice
seule et unique Creativity WAGYU,seule et unique Creativity WAGYU
sikopaper,sikopaper
soryuu4,soryuu4
stardom voice,stardom voice
straight,straight
studio hertz,studio hertz
studio-noah,studio-noah
sugar,sugar
sugar*pink,sugarpink
sugar*plum,sugarplum
sui room,sui room
sunflower,sunflower
survive,survive
syvyys.,syvyys.
t japan,t japan
tallgirls ～長身少女～,tallgirls ～長身少女～
tendel,tendel
trkdy,trkdy
ts系姉妹,ts系姉妹
tunacan,tunacan
twins are alones,twins are alones
umino ASMR,umino ASMR
unkown,unkown
usaNote,usaNote
valleyseed studios,valleyseed studios
vanira ais,vanira ais
vivid.mp3,vivid.mp3
wipe,wipe
ya-ho-games,ya-ho-games
your smiles in my heart,your smiles in my heart
yucc@ちゃんねる出張所,yucc@ちゃんねる出張所
zipper,zipper
ΔSharkGames,ΔSharkGames
πo2,πo2
†††少女廃退ロマネスク†††,†††少女廃退ロマネスク†††
√リスのアトリエ,√リスのアトリエ
◆Black Ocean◆,◆Black Ocean◆
☆同人ラボ☆,☆同人ラボ☆
♡ メイド喫茶 ひなきゅん ♡,♡ メイド喫茶 ひなきゅん ♡
「BLUE Clover PROJECT」,「BLUE Clover PROJECT」
【夢魔空間】,【夢魔空間】
ああかむ,ああかむ
あいこえ!,あいこえ!
あいすくらうど。,あいすくらうど。
あいたまご,あいたまご
あいなめボイス,あいなめボイス
あいのじや,あいのじや
あいぱんだ,あいぱんだ
あいみて,あいみて
あいむあうと,あいむあうと
あうと楼,あうと楼
あおぎり高校,あおぎり高校
あかしやき50円,あかしやき50円
あかね屋,あかね屋
あきいろ紫陽花,あきいろ紫陽花
あき電,あき電
あくあぽけっと,あくあぽけっと
あぐふぐヴェッチャーズ,あぐふぐヴェッチャーズ
あけぼーの,あけぼーの
あさて館,あさて館
あしや,あしや
あずさ-はちごう,あずさ-はちごう
あずま屋,あずま屋
あたいんち,あたいんち
あたふわ,あたふわ
あたりめ,あたりめ
あだちか,あだちか
あづまんちゅ,あづまんちゅ
あとたま(atotama),あとたまatotama
あとりえスターズ,あとりえスターズ
あねさまランド,あねさまランド
あねまんま,あねまんま
あねもね,あねもね
あねックス,あねックス
あぶそりゅ～と,あぶそりゅ～と
あま〜いぼーい,あま〜いぼーい
あまあま*レモンティー,あまあまレモンティー
あまあまレボリューション,あまあまレボリューション
あまいろさうんど,あまいろさうんど
あまい惑星,あまい惑星
あまおと,あまおと
あまかけプラント,あまかけプラント
あまがみ@ぼいす,あまがみ@ぼいす
あまがみドロップ,あまがみドロップ
あまがみ堂,あまがみ堂
あまずっPIE,あまずっPIE
あまつぶしとしと,あまつぶしとしと
あまとう,あまとう
あまとろ,あまとろ
あまとろすいーつ,あまとろすいーつ
あまとろスイーツ,あまとろスイーツ
あまなつカフェ,あまなつカフェ
あまねのおかず,あまねのおかず
あまやどり,あまやどり
あまんちゅ,あまんちゅ
あまカツ,あまカツ
あむーるΩるーむ,あむーるΩるーむ
あめいじんぐ,あめいじんぐ
あめだま,あめだま
あやてつケータリング,あやてつケータリング
あやめ勝負,あやめ勝負
あらおつあめ,あらおつあめ
ありがた屋,ありがた屋
ありみえASMRワールド,ありみえASMRワールド
ありんこマート,ありんこマート
あるがままに,あるがままに
あるみかん,あるみかん
あんくりあさうんど,あんくりあさうんど
あんにんみるく,あんにんみるく
あんぶろっく!,あんぶろっく!
あんぽんたんがーるわーくす,あんぽんたんがーるわーくす
いい感じのサークル名,いい感じのサークル名
いかすめる,いかすめる
いくら艦隊,いくら艦隊
いくれや,いくれや
いけしょたぼ!,いけしょたぼ!
いさり火,いさり火
いじめっ娘通信,いじめっ娘通信
いじられ食堂純情派,いじられ食堂純情派
いずまにうむ,いずまにうむ
いたちごっこ,いたちごっこ
いちかの百合園,いちかの百合園
いちごのひとりごと,いちごのひとりごと
いちごみるく,いちごみるく
いちごベリー,いちごベリー
いちごミルク,いちごミルク
いちのや,いちのや
いちゃスカ委員会,いちゃスカ委員会
いつかいゆ,いつかいゆ
いつきんぐだむ,いつきんぐだむ
いとおかしのみみおか,いとおかしのみみおか
いないいないばぁ,いないいないばぁ
いぬのしっぽ,いぬのしっぽ
いねむりしたって、いいじゃない。,いねむりしたって、いいじゃない。
いのしかちょう館,いのしかちょう館
いぶき屋,いぶき屋
いほーじん,いほーじん
いまざなう,いまざなう
いやーうぇーぶ,いやーうぇーぶ
いるま☆うさぎ,いるま☆うさぎ
いろどり亭,いろどり亭
いんすたんとステージ,いんすたんとステージ
いんぱろぼいす,いんぱろぼいす
いーはとーぶ工房,いーはとーぶ工房
うぃずみるく♡,うぃずみるく♡
うぇっとてぃしゅー,うぇっとてぃしゅー
うえぶんり,うえぶんり
うこんちゃん☆かんぱにぃ,うこんちゃん☆かんぱにぃ
うさChu,うさChu
うさぎとかめ,うさぎとかめ
うさぎとからす,うさぎとからす
うさぎソフト,うさぎソフト
うさぎ庵,うさぎ庵
うさちゃんラボ,うさちゃんラボ
うさねこ苺,うさねこ苺
うずら家,うずら家
うつつゆめ,うつつゆめ
うどん大好き100%,うどん大好き100%
うなの妄想劇場,うなの妄想劇場
うなパンプ,うなパンプ
うのみみりふれっ!,うのみみりふれっ!
うもーくん,うもーくん
うるとらぱんだ,うるとらぱんだ
うるまん堂,うるまん堂
うんでくれてありがと,うんでくれてありがと
うんどうぐつスタジオ,うんどうぐつスタジオ
えうもあ専門店,えうもあ専門店
えすけいぷ,えすけいぷ
えすけーぷ!,えすけーぷ!
えちえちの湯,えちえちの湯
えっちなの,えっちなの
えとつな,えとつな
えびとろ工房,えびとろ工房
えび天まくら,えび天まくら
えぼるぶ,えぼるぶ
えむおな,えむおな
えむお工房,えむお工房
えむくら,えむくら
えもこ本舗,えもこ本舗
えるしすラバー♪,えるしすラバー♪
えるるっく,えるるっく
えれんであ,えれんであ
えろのすこーぷ,えろのすこーぷ
えろドラ復興委員会,えろドラ復興委員会
えんじぇるぅねʚ❤︎ɞ,えんじぇるぅねʚ❤︎ɞ
えんじぇるりっぷ,えんじぇるりっぷ
おいしいおこめ,おいしいおこめ
おいなりWORKS,おいなりWORKS
おいなりソフト(肩引こ),おいなりソフト肩引こ
おうんぽらぼらとりー,おうんぽらぼらとりー
おかしのみみおか,おかしのみみおか
おかしも,おかしも
おかずおーぐ,おかずおーぐ
おかずこれくしょん,おかずこれくしょん
おかずぷろじぇくと,おかずぷろじぇくと
おかず倶楽部,おかず倶楽部
おがくず御殿,おがくず御殿
おきつねふぁくとりー,おきつねふぁくとりー
おくらまつもと,おくらまつもと
おちゃらぶ工房,おちゃらぶ工房
おっさんはうす,おっさんはうす
おっぱい酒造,おっぱい酒造
おとあく堂,おとあく堂
おとなのおしるし,おとなのおしるし
おとはな!,おとはな!
おとめプラス,おとめプラス
おともすふぃあ,おともすふぃあ
おにぎり(しもじろの趣味),おにぎりしもじろの趣味
おにぎりこんふぇいと,おにぎりこんふぇいと
おぴんくわんわん,おぴんくわんわん
おほおほ庵,おほおほ庵
おほーつく,おほーつく
おほ声の館,おほ声の館
おぼろまどか,おぼろまどか
おぼろや,おぼろや
おみすぱサロン,おみすぱサロン
おみみぷりん,おみみぷりん
おもちだいふく,おもちだいふく
おやしき,おやしき
おらんじゅぱんX,おらんじゅぱんX
おりびあそふと,おりびあそふと
おるがる堂,おるがる堂
おれんじぺこりん,おれんじぺこりん
おんせん☆はにぃ,おんせん☆はにぃ
おんなのこ集め☆,おんなのこ集め☆
おーえるはーふ,おーえるはーふ
おーだーめいど,おーだーめいど
おーばーらばー,おーばーらばー
お口の奥地,お口の奥地
お姉さん専科「えるてら」,お姉さん専科「えるてら」
お姉産,お姉産
お嬢さん堂,お嬢さん堂
お幽戯横丁,お幽戯横丁
お惣菜スタジオ,お惣菜スタジオ
お漏らしふぇち部,お漏らしふぇち部
お耳シエスタ,お耳シエスタ
お花屋さん,お花屋さん
お髭の獅子舞,お髭の獅子舞
かいらくこんにゃく,かいらくこんにゃく
かいらく音域,かいらく音域
かぎしっぽ,かぎしっぽ
かく恋慕,かく恋慕
かしまし☆とらいふる,かしまし☆とらいふる
かじょサポ,かじょサポ
かずのこ,かずのこ
かずみ屋,かずみ屋
かそくえっぢ,かそくえっぢ
かっとあんどぺぇすと,かっとあんどぺぇすと
かなでスタジオ,かなでスタジオ
かなで庵,かなで庵
かなまら一休,かなまら一休
かのぉと,かのぉと
かべるね,かべるね
からあげ農園,からあげ農園
からしめんたいこ,からしめんたいこ
からすとうさぎ,からすとうさぎ
からっかぜ,からっかぜ
かりすまいんこ,かりすまいんこ
かりんと,かりんと
かわいいおっさん症候群,かわいいおっさん症候群
かんづめ動物園,かんづめ動物園
かんぱりえんじん,かんぱりえんじん
かーばんくる,かーばんくる
がらくた伏魔殿,がらくた伏魔殿
がら堂,がら堂
がんまりちゃんねる,がんまりちゃんねる
きさらづ帝国,きさらづ帝国
きつねのおんがえし,きつねのおんがえし
きつねパラダイス,きつねパラダイス
きなこの山,きなこの山
きなこんZ,きなこんZ
きまぐれblue,きまぐれblue
きみの隣。,きみの隣。
きみりんこ。,きみりんこ。
きみスクランブル,きみスクランブル
きゃらこえ☆まにあくす,きゃらこえ☆まにあくす
きゃらめりぜ,きゃらめりぜ
きゃらめり屋,きゃらめり屋
きょにゅぱら!,きょにゅぱら!
きよみみっくす,きよみみっくす
きらきらおんぷ,きらきらおんぷ
きーぽーず,きーぽーず
ぎゃっぷスタジオ,ぎゃっぷスタジオ
くくる / KUKURU,くくる / KUKURU
くじらーめん,くじらーめん
くすぐるレコード,くすぐるレコード
くまあぢ牧場,くまあぢ牧場
くまさんち。,くまさんち。
くまだべあースタジオ,くまだべあースタジオ
くまスタ,くまスタ
くま園,くま園
くらげランプ,くらげランプ
くら闇子,くら闇子
くりーむ大福,くりーむ大福
くるくるK,くるくるK
くれーぷくれーぷ,くれーぷくれーぷ
くろうさちゃんラボ,くろうさちゃんラボ
くろがねみこと,くろがねみこと
くろす”,くろす”
くろねこチップス,くろねこチップス
くんか堂,くんか堂
ぐりーみんぐばーど,ぐりーみんぐばーど
ぐれいぷ*,ぐれいぷ
けぃえむえす,けぃえむえす
けてる珈琲,けてる珈琲
けもみみりふれっ!,けもみみりふれっ!
けもみみ駅,けもみみ駅
けんたつ,けんたつ
げっすー屋さん,げっすー屋さん
こけしカーニバル,こけしカーニバル
こけてぃっしゅ,こけてぃっしゅ
ここどこ,ここどこ
ここのつハウス,ここのつハウス
ここはお月見するところ,ここはお月見するところ
こずみっくらいぶ,こずみっくらいぶ
こっぺぱんさうんど,こっぺぱんさうんど
ことのね館,ことのね館
ことぷろ!,ことぷろ!
ことりのふみ,ことりのふみ
こねくとぴあ,こねくとぴあ
こねこねブレイン,こねこねブレイン
このは通り,このは通り
この祭には終わりがないといわれていた,この祭には終わりがないといわれていた
こはる日和*,こはる日和
こむぎのへや,こむぎのへや
こむらがえり,こむらがえり
こりすみるく,こりすみるく
こんくぱーるがーる,こんくぱーるがーる
ごべらっつぉ,ごべらっつぉ
ごまらららハート,ごまらららハート
ごみだめ屋,ごみだめ屋
ごろ寝らぼ,ごろ寝らぼ
さいおん,さいおん
さいどでぃっしゅ,さいどでぃっしゅ
さうんどり～みん,さうんどり～みん
さくらさくさくびすけっと,さくらさくさくびすけっと
さくらすたーと,さくらすたーと
さくらむすび,さくらむすび
さくらんぼレーベル,さくらんぼレーベル
さくらんぼ農園,さくらんぼ農園
さくらデッサン,さくらデッサン
さくら屋,さくら屋
さくら庵,さくら庵
ささみスライス,ささみスライス
ささやき・ボ☆イ☆ス,ささやき・ボ☆イ☆ス
ささやき図書館,ささやき図書館
さざなみカフェ,さざなみカフェ
さざめき通り,さざめき通り
さっくりハイ,さっくりハイ
さといもとパパラッチ,さといもとパパラッチ
さね野郎,さね野郎
さぷらいず,さぷらいず
さめシャーク,さめシャーク
さるがそ,さるがそ
さんどぱん,さんどぱん
さんどるまん(旧:麻根木商店),さんどるまん旧:麻根木商店
さーくる にゅぷにゅぷ,さーくる にゅぷにゅぷ
さーくるがらくた,さーくるがらくた
さーくるたこす,さーくるたこす
さーくるスパイス,さーくるスパイス
さーくる虎ノ門,さーくる虎ノ門
さーべるたいがー,さーべるたいがー
さーべるたいにゃー,さーべるたいにゃー
ざくろ裁縫店,ざくろ裁縫店
ざらめぺんぎん,ざらめぺんぎん
しあわせ⭐︎ぷりずむ,しあわせ⭐︎ぷりずむ
しこしこ天国,しこしこ天国
しこしこ日和,しこしこ日和
しこたま応援団,しこたま応援団
ししゃもそふと,ししゃもそふと
しっぽとしましま,しっぽとしましま
しましま亭,しましま亭
しゃがみパンチ,しゃがみパンチ
しゃーぷ,しゃーぷ
しゅありぃーさむでい,しゅありぃーさむでい
しゅがぁそると,しゅがぁそると
しゅがーきゅーぶ,しゅがーきゅーぶ
しゅしょく,しゅしょく
しょこらであそーと,しょこらであそーと
しょとろりた,しょとろりた
しらあえプロジェクト,しらあえプロジェクト
しらたまスタジオ,しらたまスタジオ
しらはな通信社,しらはな通信社
しりあるヒプノ,しりあるヒプノ
しろがね屋号,しろがね屋号
しろくまソーダ,しろくまソーダ
しろくま屋,しろくま屋
しんさんわーくす,しんさんわーくす
じぇろ屋,じぇろ屋
じきゅーじそく。,じきゅーじそく。
じゃこネギさらだ,じゃこネギさらだ
じゃすみん企画,じゃすみん企画
じゃばらいふ,じゃばらいふ
じゅじゅっとウェルダン,じゅじゅっとウェルダン
じろうぽんぽん,じろうぽんぽん
じーえふママの胎内,じーえふママの胎内
すい〜とる〜む,すい〜とる〜む
すいか,すいか
すいじょうきばくはつ,すいじょうきばくはつ
すいねねボイス,すいねねボイス
すいボイス,すいボイス
すいーとえもーしょん,すいーとえもーしょん
すいーとぼいす♪,すいーとぼいす♪
すいーとみるく,すいーとみるく
すい～とぱいん!,すい～とぱいん!
すかーれっとどろっぷす,すかーれっとどろっぷす
すがのわーくす,すがのわーくす
すきすき研究所,すきすき研究所
すくらんぶる,すくらんぶる
すくりぷてっどこねくしょん,すくりぷてっどこねくしょん
すけふぇにんげん,すけふぇにんげん
すたぁさーくる,すたぁさーくる
すたぁぱれっと,すたぁぱれっと
すたじお ちぇりー,すたじお ちぇりー
すたじお　まる！,すたじお　まる！
すたじおいいね,すたじおいいね
すたじおえむびぃ,すたじおえむびぃ
すたじおちゃれん,すたじおちゃれん
すたじおぬる,すたじおぬる
すとらてじ～。,すとらてじ～。
すとーり屋,すとーり屋
すねこすり,すねこすり
すの～む,すの～む
すぱらんど。,すぱらんど。
すふれぷらす,すふれぷらす
すまいるふぉらんかんぱにぃ。,すまいるふぉらんかんぱにぃ。
すみれの実演部屋,すみれの実演部屋
すめばみやこ,すめばみやこ
すももも王国,すももも王国
すもも色シコシコ麺,すもも色シコシコ麺
ずんずん号,ずんずん号
せくしーふぇいす,せくしーふぇいす
せふれっくす,せふれっくす
せやなせや,せやなせや
せんぎりキャベツ,せんぎりキャベツ
せーへきせーえき,せーへきせーえき
ぜろじげん,ぜろじげん
ぜろびっと,ぜろびっと
ぜろノイド,ぜろノイド
ぜんさい,ぜんさい
そこに鼻ゲー改,そこに鼻ゲー改
そふぁー教,そふぁー教
そふとりらっくす,そふとりらっくす
そら,そら
そらいろパレット,そらいろパレット
そらおと,そらおと
そらのアトリエ,そらのアトリエ
そらまめ,そらまめ
そら色でっどひーと,そら色でっどひーと
そるてぃキッス,そるてぃキッス
それいゆ,それいゆ
それから,それから
それがボイス坂,それがボイス坂
たいくつ屋,たいくつ屋
たいへんなへんたい,たいへんなへんたい
たけの小屋,たけの小屋
ただのれゐ,ただのれゐ
たぬきこーぼー,たぬきこーぼー
たぬチョコ,たぬチョコ
たぶん豚,たぶん豚
たまうらちゃんねる,たまうらちゃんねる
たまき製作所,たまき製作所
たまごの詩,たまごの詩
たまゆらあざらし,たまゆらあざらし
たまスパ,たまスパ
たま声,たま声
たゆたう風,たゆたう風
たゆゆん♡カフェへようこそ,たゆゆん♡カフェへようこそ
たらこクラブ,たらこクラブ
たれうさぎ,たれうさぎ
だいしゅきホールディングス,だいしゅきホールディングス
だいすきマリア,だいすきマリア
だぶるエックス,だぶるエックス
だめニンゲン,だめニンゲン
だんごラボ,だんごラボ
だんだん組,だんだん組
ちいさな羽根飾り,ちいさな羽根飾り
ちくまにあ,ちくまにあ
ちくわぶ,ちくわぶ
ちこぺに,ちこぺに
ちちょげまちょげ,ちちょげまちょげ
ちむちむのお部屋,ちむちむのお部屋
ちゃいるどエンペラー,ちゃいるどエンペラー
ちゅぱちゅぱカンパニー,ちゅぱちゅぱカンパニー
ちょこうさぎ,ちょこうさぎ
ちょこうさぎプチ,ちょこうさぎプチ
ちょこきのん。,ちょこきのん。
ちょこれーとむーす工房,ちょこれーとむーす工房
ちょこオナ,ちょこオナ
ちりめんフラクタル,ちりめんフラクタル
ちろ猫ハウス(耳かき専門店),ちろ猫ハウス耳かき専門店
ちんぽレイプ堂,ちんぽレイプ堂
ちんカスあんさんぶる,ちんカスあんさんぶる
ぢゅぱり屋本舗,ぢゅぱり屋本舗
ぢゅぱり屋本舗別館,ぢゅぱり屋本舗別館
ついすとぱーてぃかる,ついすとぱーてぃかる
つぐたんぼいす,つぐたんぼいす
つっきーのお茶会,つっきーのお茶会
つばめいと,つばめいと
つるみやASMR,つるみやASMR
てぃんがーら,てぃんがーら
てこりん堂,てこりん堂
てごねVOICE,てごねVOICE
てごめんたる,てごめんたる
てのりキャット,てのりキャット
てふてふ。,てふてふ。
てんかうんと,てんかうんと
てんしのしっぽ,てんしのしっぽ
てんしナチュラル,てんしナチュラル
てんてん堂,てんてん堂
でぃあ,でぃあ
できることなら,できることなら
でこバン,でこバン
でざいあ～でざいな～ず,でざいあ～でざいな～ず
でちゅねるらんど,でちゅねるらんど
でぶり,でぶり
でぼの巣SOUND,でぼの巣SOUND
でんしほたる,でんしほたる
とうきょーこみっく,とうきょーこみっく
ときくま,ときくま
ときたま,ときたま
とけこみ胡桃,とけこみ胡桃
とまとレコード,とまとレコード
とみみ庵,とみみ庵
とらいあんぐる！,とらいあんぐる！
とらいさうんど,とらいさうんど
とらんす×とらんす,とらんす×とらんす
とらんぷかーど,とらんぷかーど
とりっくぱんく!,とりっくぱんく!
とりのなんこつ,とりのなんこつ
とりやみ。,とりやみ。
とりーとみー!,とりーとみー!
とろいめらい,とろいめらい
とろとろすたじお,とろとろすたじお
とろとろのゆで卵,とろとろのゆで卵
とろとろレジスタンス,とろとろレジスタンス
とろねこサウンド,とろねこサウンド
とろ熟♡お姉さまスタジオ,とろ熟♡お姉さまスタジオ
とんとろ本舗,とんとろ本舗
どきどきぼいす,どきどきぼいす
どきどき堂,どきどき堂
どぶのほとり。,どぶのほとり。
どみなり屋,どみなり屋
どりーむ・きゅーと,どりーむ・きゅーと
どるちぇ!,どるちぇ!
どろっぷす!,どろっぷす!
どーなつほぉる,どーなつほぉる
ないちんげーる,ないちんげーる
ながとうい,ながとうい
なごみねこの町,なごみねこの町
なごみぷろじぇくと,なごみぷろじぇくと
なちゅらるぼいす,なちゅらるぼいす
なつこん,なつこん
なつのれん,なつのれん
なつる屋,なつる屋
なないろ小町,なないろ小町
ななし攻防,ななし攻防
ななスレ!,ななスレ!
なまいきハムスター,なまいきハムスター
なまこ飯店,なまこ飯店
なまましゅまろ,なまましゅまろ
なまもみたまご,なまもみたまご
なんとかシステム,なんとかシステム
なんなん24,なんなん24
にくきゅう ぽこ,にくきゅう ぽこ
にこみどり,にこみどり
にごり天然水,にごり天然水
にしまる,にしまる
にしまる+,にしまる
にじいろのほし,にじいろのほし
にっちさんぎょう,にっちさんぎょう
にっち音声工房,にっち音声工房
にゃぎーずはうす,にゃぎーずはうす
にゃんこそふと,にゃんこそふと
にゃんこバード/ミラージュブリンガー,にゃんこバード/ミラージュブリンガー
にゃんこフェチ,にゃんこフェチ
にゃんこ屋ギルド,にゃんこ屋ギルド
にゃんだふるべじたりあん,にゃんだふるべじたりあん
にゃんにゃんこカンパニー,にゃんにゃんこカンパニー
にゃんにゃんそふと,にゃんにゃんそふと
にゃんにゃんぼいす,にゃんにゃんぼいす
にゃんまぐろ同好会,にゃんまぐろ同好会
にゃーにゃーカンパニー,にゃーにゃーカンパニー
にゅーすぷりんぐ,にゅーすぷりんぐ
にゅーとろんβ,にゅーとろんβ
にょきわーくす,にょきわーくす
にるばーにゃ,にるばーにゃ
にんにく館,にんにく館
にんにん堂,にんにん堂
ぬ〜びすと,ぬ〜びすと
ぬったり座,ぬったり座
ぬぬち屋,ぬぬち屋
ぬぷぬぷ亭,ぬぷぬぷ亭
ぬめ屋,ぬめ屋
ぬらヌラ本舗,ぬらヌラ本舗
ぬれてぃっしゅ,ぬれてぃっしゅ
ねぎいちご,ねぎいちご
ねこいき,ねこいき
ねこじた結社,ねこじた結社
ねこじるし,ねこじるし
ねこにこばん,ねこにこばん
ねこぬこにゃーにゃー,ねこぬこにゃーにゃー
ねこのしっぽ,ねこのしっぽ
ねこの平日,ねこの平日
ねこよスタジオ,ねこよスタジオ
ねずみの穴蔵,ねずみの穴蔵
ねむりぬこ,ねむりぬこ
ねりごま★ラボ,ねりごま★ラボ
ねりんく,ねりんく
ねんねこ。,ねんねこ。
のの庵,のの庵
のらのおと,のらのおと
はいてんしょ～ん!,はいてんしょ～ん!
はじめてプロジェクト,はじめてプロジェクト
はだかんぼ,はだかんぼ
はだか抱きまくら係,はだか抱きまくら係
はちみつ☆サワークリーム,はちみつ☆サワークリーム
はちみつジョイスティック,はちみつジョイスティック
はちみつトラップ,はちみつトラップ
はちみつトーン,はちみつトーン
はちみつ惑星,はちみつ惑星
はちみつ紳士,はちみつ紳士
はちみやちゃんねる,はちみやちゃんねる
はっすん,はっすん
はてなボイス,はてなボイス
はとのす式製作所,はとのす式製作所
はなまき.,はなまき.
はなみん,はなみん
はにぃすぱいす,はにぃすぱいす
はにかみや,はにかみや
はにーばけっと,はにーばけっと
はねしーぷ,はねしーぷ
はぴねす☆ろーず,はぴねす☆ろーず
はらぺこ研究所,はらぺこ研究所
はらーー,はらーー
はるさめ屋,はるさめ屋
はるなのおへや,はるなのおへや
はれのね癒し堂,はれのね癒し堂
はんじゅくぱいなっぷる,はんじゅくぱいなっぷる
はんなまちょこれいと,はんなまちょこれいと
はーとこれくと,はーとこれくと
はーべすと,はーべすと
ばいおーぶ農園,ばいおーぶ農園
ばななさうんど,ばななさうんど
ばなならぼ,ばなならぼ
ばぶらんさす,ばぶらんさす
ばぶる姫,ばぶる姫
ぱいたん工房,ぱいたん工房
ぱいなっぷる,ぱいなっぷる
ぱうぱう,ぱうぱう
ぱぐそふと(PUGNUS),ぱぐそふとPUGNUS
ぱちぱちぼいす,ぱちぱちぼいす
ぱっしょんさうんど♪,ぱっしょんさうんど♪
ぱぴこ,ぱぴこ
ぱふぱふXXくらぶ,ぱふぱふXXくらぶ
ぱられるわあるど,ぱられるわあるど
ぱれっとふゅーじょん,ぱれっとふゅーじょん
ぱれっと研究所,ぱれっと研究所
ぱんだスタジオ,ぱんだスタジオ
ぱんてぃどらごん,ぱんてぃどらごん
ぱんぱんぺんぎん,ぱんぱんぺんぎん
ぱーう゛ぁーとすれいぶ,ぱーう゛ぁーとすれいぶ
ぱーせぷとろん,ぱーせぷとろん
ぱ～みっしょん,ぱ～みっしょん
ひいらぎ亭,ひいらぎ亭
ひかる,ひかる
ひきこもまるまじろ,ひきこもまるまじろ
ひげばこ,ひげばこ
ひじきや,ひじきや
ひたち,ひたち
ひたひた,ひたひた
ひだまりみるくてぃ,ひだまりみるくてぃ
ひだまり音声劇場,ひだまり音声劇場
ひつじさん連盟,ひつじさん連盟
ひつじの戯れ,ひつじの戯れ
ひつじハウス,ひつじハウス
ひととせ庵,ひととせ庵
ひとめあなたに,ひとめあなたに
ひとゆめ,ひとゆめ
ひなうた,ひなうた
ひなぎく亭,ひなぎく亭
ひなたぼっち,ひなたぼっち
ひなた古書堂,ひなた古書堂
ひなスタジオ,ひなスタジオ
ひばり屋,ひばり屋
ひぷのてぃあ,ひぷのてぃあ
ひぷのべあー,ひぷのべあー
ひまわり,ひまわり
ひめぼいす★,ひめぼいす★
ひよず ぎゃらりぃ。,ひよず ぎゃらりぃ。
ひよりみのソラ,ひよりみのソラ
ひよ子茶屋,ひよ子茶屋
ひろねこ,ひろねこ
ひろぴょん工房,ひろぴょん工房
びおらんて,びおらんて
びおん,びおん
びゅくびゅく亭,びゅくびゅく亭
びーすと・くっきー,びーすと・くっきー
ぴありあ,ぴありあ
ぴぐみょんスタジオ,ぴぐみょんスタジオ
ぴにゅ・あ・ぽっぷる,ぴにゅ・あ・ぽっぷる
ぴのぴの丘,ぴのぴの丘
ぴよぴよれこーど,ぴよぴよれこーど
ぴよぴよ団,ぴよぴよ団
ぴるびんさん,ぴるびんさん
ぴろしきーず,ぴろしきーず
ぴーちのかんづめ,ぴーちのかんづめ
ふぁいばーどろっぷ,ふぁいばーどろっぷ
ふぁくとりーけばぶ,ふぁくとりーけばぶ
ふぁっちゅ,ふぁっちゅ
ふぁみりあ,ふぁみりあ
ふぁんしふるボイス,ふぁんしふるボイス
ふぁんしー探偵団,ふぁんしー探偵団
ふあふあそふと,ふあふあそふと
ふあふあるーぷす,ふあふあるーぷす
ふあんちゃvoice,ふあんちゃvoice
ふぃーるあっぷ♪,ふぃーるあっぷ♪
ふぅりん堂,ふぅりん堂
ふぇありー工房,ふぇありー工房
ふぇちねいしょん,ふぇちねいしょん
ふぇちコレ,ふぇちコレ
ふぇち部,ふぇち部
ふぉー★きゃんどるぅ,ふぉー★きゃんどるぅ
ふくえん,ふくえん
ふくらすずめ,ふくらすずめ
ふぐり屋,ふぐり屋
ふしぎの国ねこ横町さん番地,ふしぎの国ねこ横町さん番地
ふしぎラボ -Mystiska Lab-,ふしぎラボ -Mystiska Lab-
ふたなりかる特異点,ふたなりかる特異点
ふっとベル,ふっとベル
ふとめのカチューシャ,ふとめのカチューシャ
ふにゃころり,ふにゃころり
ふにゅっとファクトリー,ふにゅっとファクトリー
ふらっぺすたじお,ふらっぺすたじお
ふらみか,ふらみか
ふりゃすとれーしょん,ふりゃすとれーしょん
ふりるさうんど!,ふりるさうんど!
ふれっしゅぱいん,ふれっしゅぱいん
ふろむひだか,ふろむひだか
ふわとろ☆ギャラクシー,ふわとろ☆ギャラクシー
ふわとろ酵母,ふわとろ酵母
ふわふわネジ工房,ふわふわネジ工房
ふわふわ将軍,ふわふわ将軍
ぶいの～らる!,ぶいの～らる!
ぶたぶたべたべ,ぶたぶたべたべ
ぶぼぶぼ本舗,ぶぼぶぼ本舗
ぶらっく&ぼっくす,ぶらっく&ぼっくす
ぶらっくわーくす,ぶらっくわーくす
ぶらんくぱっく,ぶらんくぱっく
ぶらんけっと,ぶらんけっと
ぶんぶんし,ぶんぶんし
ぷにあに工房,ぷにあに工房
ぷらねのボイス屋さん,ぷらねのボイス屋さん
ぷらむすたじお,ぷらむすたじお
ぷらむなーど!!,ぷらむなーど!!
ぷりずむ22,ぷりずむ22
ぷる,ぷる
ぷれしゃすMemory!,ぷれしゃすMemory!
ぷれないと研磨堂,ぷれないと研磨堂
ぷれみあむふらいでー,ぷれみあむふらいでー
ぷろんとぼいす,ぷろんとぼいす
へこへこ草,へこへこ草
へその惑星,へその惑星
へちょDrop,へちょDrop
へっぽこドM,へっぽこドM
へなぽこや,へなぽこや
へびねこわーるど,へびねこわーるど
へびのこ,へびのこ
へぶんすてーと,へぶんすてーと
へぶんずどあ,へぶんずどあ
へるめす,へるめす
へーどねー,へーどねー
べけす工房,べけす工房
べじたぶる,べじたぶる
べーた・えんどるふぃん,べーた・えんどるふぃん
べーーーっだ!,べーーーっだ!
ぺありふこうぼう,ぺありふこうぼう
ぺいんばりあ!,ぺいんばりあ!
ぺけの閑,ぺけの閑
ぺちかーと,ぺちかーと
ぺちぺち屋,ぺちぺち屋
ぺっくす,ぺっくす
ぺーるとーんれいんぼぅすたー,ぺーるとーんれいんぼぅすたー
ほいっぷあーとVOICE,ほいっぷあーとVOICE
ほいっぷきゅーと,ほいっぷきゅーと
ほいっぷくりぃむ,ほいっぷくりぃむ
ほおぶくろっ!,ほおぶくろっ!
ほしくずスタンプ,ほしくずスタンプ
ほしのまにまにっ!,ほしのまにまにっ!
ほたるだCo.,ほたるだCo.
ほっぷM2M,ほっぷM2M
ほぬ☆カフェ,ほぬ☆カフェ
ほのぼの癒しのあまあま生活研究所,ほのぼの癒しのあまあま生活研究所
ほろえろ,ほろえろ
ほわいとばーど,ほわいとばーど
ほわいとぶりむ。,ほわいとぶりむ。
ほんにゃらインダストリー,ほんにゃらインダストリー
ぼいすがーでん,ぼいすがーでん
ぼくあの,ぼくあの
ぼくらの休日,ぼくらの休日
ぼっちえっちLAB,ぼっちえっちLAB
ぼぼぼぼVOICE,ぼぼぼぼVOICE
ぼや～じゅ,ぼや～じゅ
ぽすたた,ぽすたた
ぽちぽけっと,ぽちぽけっと
ぽてと紳士,ぽてと紳士
ぽてんしーラボ,ぽてんしーラボ
ぽぽん亭,ぽぽん亭
ぽんぽんじろう,ぽんぽんじろう
ま〜坊のまったりたいむ,ま〜坊のまったりたいむ
まいにちくらぶ,まいにちくらぶ
まいろりん,まいろりん
まえゆうありす,まえゆうありす
まがおちゃんねる,まがおちゃんねる
まきあへっどほん,まきあへっどほん
まくらもふ式,まくらもふ式
まけるタイムきらい,まけるタイムきらい
まこと。,まこと。
ましゅまろ。,ましゅまろ。
ましゅまろほいっぷ,ましゅまろほいっぷ
ましゅまろぼいす,ましゅまろぼいす
ましゅまろまん K.O.,ましゅまろまん K.O.
まじかるぷりん,まじかるぷりん
まじめクラブ,まじめクラブ
まっくろべるーが,まっくろべるーが
まっしゅる～む,まっしゅる～む
まっしゅ屋,まっしゅ屋
まっしろリボン,まっしろリボン
まっつんの書架,まっつんの書架
まどか,まどか
まどぼいす,まどぼいす
まどろっぷ,まどろっぷ
まどろみくうかん,まどろみくうかん
まどろみの宿,まどろみの宿
まどろみ屋・ディベルシオン・チェルカトーレ,まどろみ屋・ディベルシオン・チェルカトーレ
まなづる屋 ℃-use,まなづる屋 ℃-use
まほろばのつえ,まほろばのつえ
まほろばほりっく,まほろばほりっく
まほー工房,まほー工房
まめみむも!,まめみむも!
まりすがーでん,まりすがーでん
まるなげ本舗,まるなげ本舗
まるまる食堂,まるまる食堂
まろんぷらす,まろんぷらす
まんぷてぃ,まんぷてぃ
まーりんきー,まーりんきー
みかん屋,みかん屋
みけ猫ひろば,みけ猫ひろば
みこるーむ,みこるーむ
みずしろラビリンス♪,みずしろラビリンス♪
みずのちょう,みずのちょう
みず飴ぶらっく,みず飴ぶらっく
みそら企画,みそら企画
みちのくエロ工房,みちのくエロ工房
みつは,みつは
みなと喫茶,みなと喫茶
みにょって,みにょって
みのりプロダクション,みのりプロダクション
みみっく屯田兵,みみっく屯田兵
みみっちーと,みみっちーと
みみっぷあいす,みみっぷあいす
みみびっち,みみびっち
みみふく,みみふく
みやこ庵,みやこ庵
みやぢ屋,みやぢ屋
みらいチューン,みらいチューン
みりおんべる,みりおんべる
みるきぃそふと♪,みるきぃそふと♪
みるきぃまりぃ,みるきぃまりぃ
みるきぃーのアトリエ,みるきぃーのアトリエ
みるくRose,みるくRose
みるくめろん,みるくめろん
みるくやしき,みるくやしき
みるふぃーゆらばー,みるふぃーゆらばー
みんなの効果音,みんなの効果音
みーのあくび,みーのあくび
むぎまるーむ,むぎまるーむ
むぎ商店,むぎ商店
むくむくおっきぃ,むくむくおっきぃ
むささび村,むささび村
むにむにさん!,むにむにさん!
むにゅえ,むにゅえ
むに工房,むに工房
むぱにえる,むぱにえる
むらっくす,むらっくす
めいしろっぷ,めいしろっぷ
めいの音声,めいの音声
めうちゃんねる,めうちゃんねる
めうちゃんねる+,めうちゃんねる
めがみそふと,めがみそふと
めたぼりっく,めたぼりっく
めとりくす,めとりくす
めれれれれ!,めれれれれ!
めろいえおむ,めろいえおむ
めろでぃどっぴゅ,めろでぃどっぴゅ
めろん堂,めろん堂
めんあさしめ,めんあさしめ
めんつゆガーリック,めんつゆガーリック
め～ぷるりぃふ,め～ぷるりぃふ
もこもこ企画,もこもこ企画
もすか,もすか
もぜ園,もぜ園
もちくび,もちくび
もちぱんMaaBooo!!!,もちぱんMaaBooo!!!
もちぷりん,もちぷりん
もちもちぷりん,もちもちぷりん
もにょもにょ,もにょもにょ
もふもふまっしろうさぎ,もふもふまっしろうさぎ
もふもふ倶楽部,もふもふ倶楽部
もふもふ王国,もふもふ王国
もふもふ饅頭,もふもふ饅頭
もふれん亭,もふれん亭
もぷもぷ実験室,もぷもぷ実験室
もみぢ饅頭。,もみぢ饅頭。
ももいろたんざく,ももいろたんざく
ももいろにゃんこ,ももいろにゃんこ
ももいろ突撃砲,ももいろ突撃砲
ももだちファンクラブ,ももだちファンクラブ
ももねこ団,ももねこ団
もんすたーぼっくす,もんすたーぼっくす
もんもん党,もんもん党
もーたーわーくす,もーたーわーくす
やおよろず工房,やおよろず工房
やきいも,やきいも
やきうぶ/LJC,やきうぶ/LJC
やきそば会,やきそば会
やきのり,やきのり
やきもち工房,やきもち工房
やさしいライオン,やさしいライオン
やさしい逆レ倶楽部,やさしい逆レ倶楽部
やさし壮,やさし壮
やすらぎ亭,やすらぎ亭
やぶいぬ製糖,やぶいぬ製糖
やまとみらい,やまとみらい
やまなし娘。,やまなし娘。
やまの いずみ,やまの いずみ
やまの工務店,やまの工務店
やみいち,やみいち
やみつきキャベツ,やみつきキャベツ
やみほりっく,やみほりっく
やや屋,やや屋
やわらか茶房,やわらか茶房
ゆあーず,ゆあーず
ゆう16253,ゆう16253
ゆうちゅう部,ゆうちゅう部
ゆうとぴゅあ,ゆうとぴゅあ
ゆうのおもちゃ箱,ゆうのおもちゃ箱
ゆかりのアトリエ,ゆかりのアトリエ
ゆずらぼ,ゆずらぼ
ゆづみ荘,ゆづみ荘
ゆとりえっくす,ゆとりえっくす
ゆにこーん,ゆにこーん
ゆにしまーど,ゆにしまーど
ゆにクリエイト,ゆにクリエイト
ゆめうさぎ,ゆめうさぎ
ゆめごこち。,ゆめごこち。
ゆめみるぱじゃま,ゆめみるぱじゃま
ゆめゆめーる☆,ゆめゆめーる☆
ゆらぎの郷,ゆらぎの郷
ゆりかごイヤホン,ゆりかごイヤホン
ゆりまくら,ゆりまくら
ゆりゆりランド,ゆりゆりランド
ゆるだむスタジオ,ゆるだむスタジオ
ゆるぴた工房,ゆるぴた工房
ゆるりふわり,ゆるりふわり
ゆんちゃむ,ゆんちゃむ
ゆーやけぐらふぃてぃ,ゆーやけぐらふぃてぃ
ゆーりずむ,ゆーりずむ
ゆーダッシュ,ゆーダッシュ
よしよしなでなで,よしよしなでなで
よちよち寒天,よちよち寒天
よつや。,よつや。
よもみかん,よもみかん
よーぞーの工房,よーぞーの工房
らいおっ党,らいおっ党
らすく,らすく
らびっ亭,らびっ亭
らびぷろ,らびぷろ
らびゅっびゅ,らびゅっびゅ
らぼおと!,らぼおと!
らもる部,らもる部
らら蘭RUN!!,らら蘭RUN!!
ら・す・ぱ!,ら・す・ぱ!
りあんの搾精部屋,りあんの搾精部屋
りすみぃ,りすみぃ
りずむソフト,りずむソフト
りっきん♪リリーリップス,りっきん♪リリーリップス
りっくラボ,りっくラボ
りっちていすと,りっちていすと
りどしぇいく,りどしぇいく
りばいぶそーだ,りばいぶそーだ
りびどらいぶ,りびどらいぶ
りびどーまいふれんず,りびどーまいふれんず
りぺあ・ぷろじぇくと,りぺあ・ぷろじぇくと
りらくしあ,りらくしあ
りりプロ,りりプロ
りんご★まし〜ん,りんご★まし〜ん
りんごの樹の下,りんごの樹の下
りんご晴れ,りんご晴れ
りんご飴,りんご飴
るでぃのお店,るでぃのお店
るるもりあん,るるもりあん
れもんのいれもん,れもんのいれもん
れんたるきゃっと,れんたるきゃっと
ろうらくのみつ,ろうらくのみつ
ろぷとぅす,ろぷとぅす
ろりぽっぷらんど,ろりぽっぷらんど
ろんりーわん,ろんりーわん
ろーちゃんのお部屋,ろーちゃんのお部屋
わかばのにわ,わかばのにわ
わからせ屋,わからせ屋
わたあめ♡はぴねす,わたあめ♡はぴねす
わたがし家,わたがし家
わたるそふと,わたるそふと
わちのぶた,わちのぶた
わぷわぷちゃんねる,わぷわぷちゃんねる
わんこーる,わんこーる
わんしょた,わんしょた
わーるどわいど,わーるどわいど
ん゛,ん゛
アイシーエス,アイシーエス
アイスノート,アイスノート
アイスハート,アイスハート
アイボイス,アイボイス
アイライブ,アイライブ
アイロンウェアー,アイロンウェアー
アオスタジオ,アオスタジオ
アオハル,アオハル
アクア・アルタ,アクア・アルタ
アクノス研究所,アクノス研究所
アクメハゲ,アクメハゲ
アクメ地獄,アクメ地獄
アゲハ蝶,アゲハ蝶
アザレア,アザレア
アダルトベイビー,アダルトベイビー
アチュネット,アチュネット
アップルパイン,アップルパイン
アトリエ「波のゆりかご」,アトリエ「波のゆりかご」
アトリエもみじ,アトリエもみじ
アトリエアガタ,アトリエアガタ
アトリエブラッドオレンジ,アトリエブラッドオレンジ
アトリエマゾ,アトリエマゾ
アトリエメール,アトリエメール
アトリエ・スイート,アトリエ・スイート
アトリエ黒果実☆萌え騎士堂,アトリエ黒果実☆萌え騎士堂
アナザー技工,アナザー技工
アナスティコ企画,アナスティコ企画
アニマルマシーン,アニマルマシーン
アニメートル,アニメートル
アネネのガチイキショップ,アネネのガチイキショップ
アネモネ*,アネモネ
アノマロカリス,アノマロカリス
アビタシオンの月,アビタシオンの月
アペックスタイム,アペックスタイム
アマイタイツ,アマイタイツ
アミューズクラフト音声部,アミューズクラフト音声部
アムフロッシュ,アムフロッシュ
アメリーの癒しとえっちな恥ずかしい体験,アメリーの癒しとえっちな恥ずかしい体験
アリアプロジェクト,アリアプロジェクト
アリコーン,アリコーン
アリスソフト,アリスソフト
アルカンジオル,アルカンジオル
アルバアクア工房,アルバアクア工房
アルファリズム,アルファリズム
アルファートリル,アルファートリル
アンジェルージュ,アンジェルージュ
アンスリウム,アンスリウム
アンテロス,アンテロス
ア・ラ・フィリア,ア・ラ・フィリア
アールグレイ,アールグレイ
アールコフレ,アールコフレ
イイロ,イイロ
イカれたダチョウ,イカれたダチョウ
イザナギ亭,イザナギ亭
イジェクタス,イジェクタス
イチアップ,イチアップ
イデアルメモリー,イデアルメモリー
イニシアティブ,イニシアティブ
イビツネーション,イビツネーション
イマラ屋,イマラ屋
イラストリアス,イラストリアス
イロヤシキ,イロヤシキ
インオラム,インオラム
インゴット,インゴット
インゴヒゴ,インゴヒゴ
インストラクション,インストラクション
インスライナー,インスライナー
インテリヘッドバット,インテリヘッドバット
インビジブルおしゃぶり,インビジブルおしゃぶり
イヴチャンネル,イヴチャンネル
ウォーターメイガス,ウォーターメイガス
ウサギの肉屋さん,ウサギの肉屋さん
ウタカタ,ウタカタ
ウッドエッジ,ウッドエッジ
ウバワレボイス,ウバワレボイス
ウラオモテ,ウラオモテ
ウロ,ウロ
エアリクス(Airlcx),エアリクスAirlcx
エコーズ,エコーズ
エデニック,エデニック
エトオト,エトオト
エトワール,エトワール
エビクロス[EBI-X],エビクロスEBI-X]
エミュー協会,エミュー協会
エムのアトリエ,エムのアトリエ
エムノトリコ,エムノトリコ
エムピレオ,エムピレオ
エモイ堂,エモイ堂
エモーショナル,エモーショナル
エリーゼの館,エリーゼの館
エロM絵彩夢,エロM絵彩夢
エロで世界を救う☆,エロで世界を救う☆
エロカフェ,エロカフェ
エロトランス,エロトランス
エンダーイヤーズ,エンダーイヤーズ
エンディミ庵,エンディミ庵
エントランス(エロトランス),エントランスエロトランス
エントリー,エントリー
エーアイスタジオ,エーアイスタジオ
エーティー,エーティー
オコジョ彗星,オコジョ彗星
オスマグロ,オスマグロ
オッパイエンパイア,オッパイエンパイア
オトSHOP,オトSHOP
オトエナガ,オトエナガ
オトギタイプ,オトギタイプ
オトヌキヤ,オトヌキヤ
オトメイチック,オトメイチック
オナらぼ,オナらぼ
オナサポ総合研究所,オナサポ総合研究所
オナニーサポートセンター,オナニーサポートセンター
オナニー委員会,オナニー委員会
オフィス リグーシカ,オフィス リグーシカ
オホり草子,オホり草子
オホヤベ建設/兎月りりむ。,オホヤベ建設/兎月りりむ。
オホ声大好き堂,オホ声大好き堂
オミ・オクル,オミ・オクル
オルゴンボックス,オルゴンボックス
オレンジ100%,オレンジ100%
オレンジぷらねっと,オレンジぷらねっと
オレンジラヴァーズ,オレンジラヴァーズ
オーガソフト,オーガソフト
オーガミニュータウン,オーガミニュータウン
カウントダウンバニー,カウントダウンバニー
カオティックちくわ,カオティックちくわ
カオティックブリード,カオティックブリード
カジカ製作所,カジカ製作所
カジハラエム,カジハラエム
カステラ,カステラ
カタクリコ,カタクリコ
カタストlab,カタストlab
カトブレパス商会,カトブレパス商会
カナンソフト,カナンソフト
カニコウセン,カニコウセン
カネヤス班,カネヤス班
カノカノ放送局,カノカノ放送局
カバの水飲み場,カバの水飲み場
カフボックス,カフボックス
カベホクロ,カベホクロ
カモシカ,カモシカ
カモネギちゃんねる,カモネギちゃんねる
カラッポランタン,カラッポランタン
カラメルカラム,カラメルカラム
カラメル・メール,カラメル・メール
カラーアンカー,カラーアンカー
カルテット,カルテット
カワイイ塾,カワイイ塾
カワボファクトリー,カワボファクトリー
カントⅡO,カントⅡO
ガムシロコーラ,ガムシロコーラ
ガラパゴス孤島,ガラパゴス孤島
ガーデン,ガーデン
ガールズトーク専門店,ガールズトーク専門店
ガールズラブボイス,ガールズラブボイス
キジトラ,キジトラ
キツキツドーナツ書店,キツキツドーナツ書店
キツネ式,キツネ式
キテルキテル,キテルキテル
キミトソイネ,キミトソイネ
キャッツハウスユリ,キャッツハウスユリ
キャットアイランド,キャットアイランド
キャットハウス,キャットハウス
キャットフォックス,キャットフォックス
キャラっくすっ,キャラっくすっ
キャラクトプロジェクト,キャラクトプロジェクト
キャンドルマン,キャンドルマン
キュキュキュのQのQ,キュキュキュのQのQ
キラキラボンジュール,キラキラボンジュール
キラット,キラット
キラービー,キラービー
キリーン オーディオ,キリーン オーディオ
ギガ生肉汁,ギガ生肉汁
ギルドねこなべ,ギルドねこなべ
ギン姉さんと愉快なM豚さんたち@一発やる会,ギン姉さんと愉快なM豚さんたち@一発やる会
クッキー☆ボイスドラマ企画,クッキー☆ボイスドラマ企画
クッキーボイス,クッキーボイス
クマップレボリューション,クマップレボリューション
クモと召喚士,クモと召喚士
クラウン,クラウン
クラウンvoice,クラウンvoice
クラウンタニシ,クラウンタニシ
クラブ リリス,クラブ リリス
クラリムステラ,クラリムステラ
クリアマナ,クリアマナ
クリエ,クリエ
クリームパイ,クリームパイ
クリームラビッツ,クリームラビッツ
クルエルミィ,クルエルミィ
クレセントムーン,クレセントムーン
クレナイオオカミ,クレナイオオカミ
クレージュトライ,クレージュトライ
クロんりーわん,クロんりーわん
クロックス投げるなや,クロックス投げるなや
クンニ100倍おまんマン,クンニ100倍おまんマン
グラスソフト,グラスソフト
グリセリン オンライン,グリセリン オンライン
グローバルワン,グローバルワン
ケチャップ味のマヨネーズ,ケチャップ味のマヨネーズ
ケレン堂,ケレン堂
ケンシスキー広場,ケンシスキー広場
ケートピア,ケートピア
ゲイシール,ゲイシール
コカココ,コカココ
コガ音色,コガ音色
ココナッツの夏！,ココナッツの夏！
コシュマール,コシュマール
コション,コション
コスティック+,コスティック
コスモS,コスモS
コゾリトモロビテ,コゾリトモロビテ
コトザ,コトザ
コノシロしんこ,コノシロしんこ
コボラ・カンパニー,コボラ・カンパニー
コミック百合姫,コミック百合姫
コラピ,コラピ
コラプト,コラプト
コラボ研究所,コラボ研究所
コロコエ,コロコエ
コロツキーランドルフ,コロツキーランドルフ
コワレルアソビ,コワレルアソビ
コンフォートボイス,コンフォートボイス
コンマミオン,コンマミオン
ゴリラ坊主,ゴリラ坊主
ゴンメディア,ゴンメディア
サイクトル,サイクトル
サイクロンミント,サイクロンミント
サイコピアス,サイコピアス
サイドオフ,サイドオフ
サウンドステッカー,サウンドステッカー
サウンドメイカー,サウンドメイカー
サウンドラボX,サウンドラボX
サキュナイ,サキュナイ
サキュネス,サキュネス
サキュバスproject,サキュバスproject
サキュバス図鑑,サキュバス図鑑
サクラコネクト,サクラコネクト
サチアレ,サチアレ
サディスティックアリス,サディスティックアリス
サナダ企画,サナダ企画
サニーレタス,サニーレタス
サバノ缶詰,サバノ缶詰
サバ織り定食,サバ織り定食
サブリミナル大回転,サブリミナル大回転
サボテン,サボテン
サボテンぼいす,サボテンぼいす
サンキソフト,サンキソフト
サンセットビーチカフェ,サンセットビーチカフェ
サンドバッグ実験施設,サンドバッグ実験施設
サークル UHC,サークル UHC
"サークル""みるーじゅ""","サークル""みるーじゅ"""
サークル*ai⌒ai*,サークルai⌒ai
サークルNNN,サークルNNN
サークルOnomusou,サークルOnomusou
サークルR,サークルR
サークルSBD,サークルSBD
サークル「おらんじゅぱん」,サークル「おらんじゅぱん」
サークル「アルテミス」,サークル「アルテミス」
サークル「スタジオルナ」,サークル「スタジオルナ」
サークルおおあくび,サークルおおあくび
サークルてらおな,サークルてらおな
サークルはしこちゃん,サークルはしこちゃん
サークルみじんこ,サークルみじんこ
サークルれお缶,サークルれお缶
サークルソラトキミ,サークルソラトキミ
サークルナーサリ―,サークルナーサリ―
サークル冥魅亭,サークル冥魅亭
サークル南京城,サークル南京城
サークル名ao,サークル名ao
サークル橘,サークル橘
サークル簡易包装,サークル簡易包装
サークル雪与,サークル雪与
サードニクス,サードニクス
ザッヘル音響,ザッヘル音響
シキオリ,シキオリ
シコらnight,シコらnight
シコラボ,シコラボ
シコリテック∞ジョイント,シコリテック∞ジョイント
シコ寝るミックス,シコ寝るミックス
シャノワール-ChatNoir-,シャノワール-ChatNoir-
シャーベットソフト,シャーベットソフト
シュガーサイド,シュガーサイド
シュミノサウンズ,シュミノサウンズ
シュラインズゲート,シュラインズゲート
シラコロニー,シラコロニー
シララカ,シララカ
シルク・ドゥ・ぴえん,シルク・ドゥ・ぴえん
シルトクレーテ,シルトクレーテ
シレスティアル,シレスティアル
シロイルカ,シロイルカ
シロクマの嫁,シロクマの嫁
シロクマ秘密結社,シロクマ秘密結社
シロシロシロップ,シロシロシロップ
シロモチ,シロモチ
シンギュラボ,シンギュラボ
シングルマザーしおり,シングルマザーしおり
シースシース,シースシース
ジェントルメガネ,ジェントルメガネ
ジビエ,ジビエ
ジュピター,ジュピター
スイアイスビーム,スイアイスビーム
スイカ熟成保証委員会,スイカ熟成保証委員会
スイーツ乳首,スイーツ乳首
スイートテイル,スイートテイル
スイートポット,スイートポット
スカンクス,スカンクス
スキマシチュ,スキマシチュ
スクィーズ,スクィーズ
スクラロース,スクラロース
スケキヨLab.,スケキヨLab.
スケベロランド,スケベロランド
スズクリ,スズクリ
スズマヤ,スズマヤ
スズメ小屋,スズメ小屋
スタジオ ウォーターリーフ,スタジオ ウォーターリーフ
スタジオCLOWN,スタジオCLOWN
スタジオLPM,スタジオLPM
スタジオTOM,スタジオTOM
スタジオあらき,スタジオあらき
スタジオさんくCHU☆,スタジオさんくCHU☆
スタジオねこキック,スタジオねこキック
スタジオひん曲がり,スタジオひん曲がり
スタジオぽんぽこ,スタジオぽんぽこ
スタジオめるつぇる,スタジオめるつぇる
スタジオりふれぼ,スタジオりふれぼ
スタジオアルペ,スタジオアルペ
スタジオカナタ,スタジオカナタ
スタジオシィナ,スタジオシィナ
スタジオジャスミン,スタジオジャスミン
スタジオスモーク,スタジオスモーク
スタジオルシファー,スタジオルシファー
スタジオルミナス,スタジオルミナス
スタジオレイン,スタジオレイン
スタジオ・ワラビー♪,スタジオ・ワラビー♪
スタジオ甘言蜜語,スタジオ甘言蜜語
スターラインのアトリエ,スターラインのアトリエ
ステラドレッシング,ステラドレッシング
ステレオポッシ,ステレオポッシ
ストレイキャット,ストレイキャット
ストロベリームーン,ストロベリームーン
スノードーム,スノードーム
スパンキー通信,スパンキー通信
スパーリア,スパーリア
スペース号,スペース号
スマイル戦機,スマイル戦機
スマート挿入,スマート挿入
スミスミ堂,スミスミ堂
スミレのほね,スミレのほね
スリーピンラヴァー,スリーピンラヴァー
スレイブハンド(シコシコサポート),スレイブハンドシコシコサポート
スローサディスティック,スローサディスティック
ズキュンとボイス,ズキュンとボイス
セイギノヤカタ,セイギノヤカタ
セクシーボイス,セクシーボイス
セッチューバイ,セッチューバイ
セツナシロップ,セツナシロップ
セブンティーン・スタジオ,セブンティーン・スタジオ
セラミックハート,セラミックハート
センチネルな倉庫,センチネルな倉庫
セールしない亭,セールしない亭
ゼトンポイソン,ゼトンポイソン
ゼルコバスロープ,ゼルコバスロープ
ソフィスティケート,ソフィスティケート
ソプラネス,ソプラネス
ソムニウム,ソムニウム
ソムニウム果樹園,ソムニウム果樹園
ソルティ@soundnovels,ソルティ@soundnovels
ソルネア,ソルネア
タイガーリリー,タイガーリリー
タカシジャンボイモ,タカシジャンボイモ
タラード,タラード
ダイヤモンドの猫たち,ダイヤモンドの猫たち
ダイヤモンドフェア,ダイヤモンドフェア
ダチュラスクリプト,ダチュラスクリプト
ダンデりおん,ダンデりおん
ダージリン工房,ダージリン工房
チェイスラビッツ,チェイスラビッツ
チェリーポンド,チェリーポンド
チキンハーツ,チキンハーツ
チクビ処,チクビ処
チグリスユーフラテス,チグリスユーフラテス
チャクちゃんのASMR,チャクちゃんのASMR
チャーシューの向こう側,チャーシューの向こう側
チャーハンの具,チャーハンの具
チュロス7,チュロス7
チューン,チューン
チョコ,チョコ
チョコミント,チョコミント
チームランドセル,チームランドセル
チーム・ハナヤマダ,チーム・ハナヤマダ
チーム・メイキュウ,チーム・メイキュウ
チーム琉利羅,チーム琉利羅
ツキの缶詰,ツキの缶詰
ツクモトラブル,ツクモトラブル
ツクルノモリ,ツクルノモリ
ティラノン,ティラノン
テクノブレイク依存症,テクノブレイク依存症
テグラユウキ,テグラユウキ
テトラポット.C,テトラポット.C
テンノーズアイランド,テンノーズアイランド
テータ・プロジェクト,テータ・プロジェクト
ディーゼルマイン,ディーゼルマイン
ディーブルスト,ディーブルスト
デカスイカ3号,デカスイカ3号
デジタルツインテール,デジタルツインテール
デジッサ,デジッサ
デラックスパン,デラックスパン
デンロギボイス,デンロギボイス
トオトミ,トオトミ
トラとリス,トラとリス
トラウマプレゼンツ,トラウマプレゼンツ
トラペアひろば,トラペアひろば
トランスイノベーション,トランスイノベーション
トランスフロー,トランスフロー
トランスヴォイスFAN!,トランスヴォイスFAN!
トランセラショップ,トランセラショップ
トランセル,トランセル
トリアステリア,トリアステリア
トリクルトリル,トリクルトリル
トリコロールゲームズ,トリコロールゲームズ
トリックスター,トリックスター
トリックボイス,トリックボイス
トリニティムーン,トリニティムーン
トリプルキャスト,トリプルキャスト
トルネード・フィッシャーマンズ・スープレックス,トルネード・フィッシャーマンズ・スープレックス
トレニア文庫,トレニア文庫
トンチキパンチ,トンチキパンチ
ドM女史団,ドM女史団
ドM調教の館,ドM調教の館
ドM騎士団,ドM騎士団
ドアノブ百人前,ドアノブ百人前
ドクイチゴ,ドクイチゴ
ドスケベジャッカル,ドスケベジャッカル
ドスケベーション!,ドスケベーション!
ドスケ部屋,ドスケ部屋
ドダメ屋さん,ドダメ屋さん
ドダメ屋さん2号店,ドダメ屋さん2号店
ドッグイヤーカンパニー,ドッグイヤーカンパニー
ドット*ハーフ,ドットハーフ
ドデカチワワ,ドデカチワワ
ドミラ・レドレー,ドミラ・レドレー
ドライドリーム,ドライドリーム
ドリームファクトリー,ドリームファクトリー
ドリームボイス,ドリームボイス
ドレイン・ドロップ,ドレイン・ドロップ
ドレッド,ドレッド
ナイトソーダ,ナイトソーダ
ナイトフレンド,ナイトフレンド
ナカヨシホンポ,ナカヨシホンポ
ナガレ亭,ナガレ亭
ナキゴエ,ナキゴエ
ナシミカン,ナシミカン
ナッツが主食,ナッツが主食
ナナイロショコラ,ナナイロショコラ
ナナコの小部屋,ナナコの小部屋
ナニコレセカイ,ナニコレセカイ
ナベフタ工房,ナベフタ工房
ナレハテ,ナレハテ
ナンネット,ナンネット
ニコニコ落語協会,ニコニコ落語協会
ニジイロサクラ,ニジイロサクラ
ニワカカミキリヤモドキ,ニワカカミキリヤモドキ
ニート脱出計画組織 NEPO,ニート脱出計画組織 NEPO
ニードロップ,ニードロップ
ヌアンナキリカ,ヌアンナキリカ
ヌキヌキタヌキ帝国,ヌキヌキタヌキ帝国
ヌキマ産業,ヌキマ産業
ネイティファス,ネイティファス
ネコノッテ!,ネコノッテ!
ネモフィラ工房,ネモフィラ工房
ネモン℃,ネモン℃
ノアの隠し部屋,ノアの隠し部屋
ノキスタ,ノキスタ
ハッピーエンド恐怖症,ハッピーエンド恐怖症
ハナマルシェ~DLsite店~,ハナマルシェ~DLsite店~
ハニチョコ。,ハニチョコ。
ハニーアンドミルク,ハニーアンドミルク
ハバネロ,ハバネロ
ハムハム☆ハウス,ハムハム☆ハウス
ハルナ,ハルナ
ハレノソラ,ハレノソラ
ハーフトーンドット,ハーフトーンドット
バイコーンの森,バイコーンの森
バイノーラル6音,バイノーラル6音
バイノーラルサンド,バイノーラルサンド
バキューム本舗,バキューム本舗
バタリンコちゃん,バタリンコちゃん
バビンスキー,バビンスキー
バブバブの森,バブバブの森
バーチャルメイド喫茶『ますかれーど』,バーチャルメイド喫茶『ますかれーど』
パイ・イン・ザ・スカイ,パイ・イン・ザ・スカイ
パステル*スノウ,パステルスノウ
パステル×トリップ,パステル×トリップ
パプア乳牛屋,パプア乳牛屋
パルプヒプノティズム,パルプヒプノティズム
パレット・ドラム,パレット・ドラム
パンツ好き工房(仮),パンツ好き工房仮
パンパンアーミー,パンパンアーミー
パースペクティブ少女幻奏,パースペクティブ少女幻奏
ヒット&アウェイ,ヒット&アウェイ
ヒツジ,ヒツジ
ヒトを愛する計画,ヒトを愛する計画
ヒノガタリ,ヒノガタリ
ヒプノゲート,ヒプノゲート
ヒプノズッキーニ,ヒプノズッキーニ
ヒプノン,ヒプノン
ヒメノのお部屋,ヒメノのお部屋
ヒーリングリビドー,ヒーリングリビドー
ビタミンぽむぽむ,ビタミンぽむぽむ
ビバアチェ,ビバアチェ
ビーストどん,ビーストどん
ピコピコハンマー,ピコピコハンマー
ピリ辛ストロベリー,ピリ辛ストロベリー
ピンキーweb,ピンキーweb
ピンクインク,ピンクインク
ピンククリニック,ピンククリニック
ピンクゲート(旧シコり亭快楽),ピンクゲート旧シコり亭快楽
ピンクリボルバー,ピンクリボルバー
ピーチブレイカー,ピーチブレイカー
ファイアスターター,ファイアスターター
ファイナルえびパスタ,ファイナルえびパスタ
ファイナルスミレ,ファイナルスミレ
ファイルスプリッツ,ファイルスプリッツ
ファウナス,ファウナス
ファンネル,ファンネル
フェチズムポケット,フェチズムポケット
フェティシズムワァークス,フェティシズムワァークス
フェティズムの館,フェティズムの館
フェティッシュコロン,フェティッシュコロン
フェリシアの花園,フェリシアの花園
フェンリの妄想,フェンリの妄想
フォレスト・キャラバン,フォレスト・キャラバン
フシギ堂,フシギ堂
フヅキ堂。,フヅキ堂。
フラボノミント,フラボノミント
フラワートラップ,フラワートラップ
フラワー症候群,フラワー症候群
フリップフロップ,フリップフロップ
フルトラ,フルトラ
フルミナシオン,フルミナシオン
フルーツタルト,フルーツタルト
フルーツバスケット,フルーツバスケット
フルーツボイス,フルーツボイス
フレミング♪,フレミング♪
フロントアリス,フロントアリス
ブラックジャック,ブラックジャック
ブラックパレス,ブラックパレス
ブラックマの嫁,ブラックマの嫁
ブランキーラビット,ブランキーラビット
ブリッツクリーク,ブリッツクリーク
ブルンボルン,ブルンボルン
ブルーべりぃ,ブルーべりぃ
ブルームーンパブリッシング,ブルームーンパブリッシング
ブルーローズの懺悔室,ブルーローズの懺悔室
ブロス,ブロス
プッシームーン,プッシームーン
プライドビーンズ,プライドビーンズ
プラチナ少女,プラチナ少女
プリ☆プリ☆ぷりてぃーらんど,プリ☆プリ☆ぷりてぃーらんど
プリモルスキイ,プリモルスキイ
プリンセスプリンセス,プリンセスプリンセス
プルシアン ブルー,プルシアン ブルー
プレジャータイム,プレジャータイム
プロダクションみかん,プロダクションみかん
プロトタイプ,プロトタイプ
プロトタイプレイディオ,プロトタイプレイディオ
ヘヴンリッチ,ヘヴンリッチ
ベスティオフォビアサウンド,ベスティオフォビアサウンド
ベッドにタナトス。,ベッドにタナトス。
ベノムギフト,ベノムギフト
ベルエルク,ベルエルク
ベルサ組,ベルサ組
ベレス解部,ベレス解部
ベロベロベローチェ,ベロベロベローチェ
ベータライフ,ベータライフ
ペット少女,ペット少女
ペペロン財閥,ペペロン財閥
ペンギンレコード,ペンギンレコード
ペンデュラムボイス,ペンデュラムボイス
ホラーステップ,ホラーステップ
ホロクサミドリ,ホロクサミドリ
ホワイト×ラバーズ,ホワイト×ラバーズ
ホワイトアビス,ホワイトアビス
ホワイトオナ,ホワイトオナ
ホワイトクラブ,ホワイトクラブ
ホワイトチュチュ,ホワイトチュチュ
ホワイトナース,ホワイトナース
ホワイトピンク,ホワイトピンク
ホワイトマカロン,ホワイトマカロン
ボイス テンプテーション,ボイス テンプテーション
ボイスアンリアル,ボイスアンリアル
ボイスポプリー,ボイスポプリー
ボイスレック,ボイスレック
ボイスワールド,ボイスワールド
ボイス工場,ボイス工場
ボトムズ,ボトムズ
ボナライズ,ボナライズ
ボロボロストーリーズ,ボロボロストーリーズ
ポインセチア,ポインセチア
ポッポん家,ポッポん家
ポラリスとハート,ポラリスとハート
ポルト,ポルト
ポロンスカッシュ,ポロンスカッシュ
ポンポコソフト,ポンポコソフト
ポータルプロ,ポータルプロ
マイクを止めるな!,マイクを止めるな!
マイナペイント,マイナペイント
マイマイとらふぃっく,マイマイとらふぃっく
マウスルール,マウスルール
マカダミア通信,マカダミア通信
マキシマムスペック,マキシマムスペック
マザースター,マザースター
マジチョロドミネーション,マジチョロドミネーション
マジックボイス,マジックボイス
マゾのきもち,マゾのきもち
マゾライブ,マゾライブ
マゾラボ,マゾラボ
マゾ奴隷教育機関如月,マゾ奴隷教育機関如月
マゾ犬セラピー,マゾ犬セラピー
マッド・ヴィーナス,マッド・ヴィーナス
マテリアルカンパニー,マテリアルカンパニー
マニアボイス,マニアボイス
マニアボイス別館,マニアボイス別館
マムマックス,マムマックス
マヨタマ,マヨタマ
マラカイトシチュエーション,マラカイトシチュエーション
マンション交差点,マンション交差点
マンテンドー,マンテンドー
ミアちゃんち,ミアちゃんち
ミカゼ-MagicFlow-,ミカゼ-MagicFlow-
ミコノス,ミコノス
ミスターほっけ,ミスターほっけ
ミストフラワー,ミストフラワー
ミストレス,ミストレス
ミッドナイト,ミッドナイト
ミツギアイ,ミツギアイ
ミツクビプロジェクト,ミツクビプロジェクト
ミドリ座,ミドリ座
ミドリ座アネックス,ミドリ座アネックス
ミナミの小道,ミナミの小道
ミミガシアワセ,ミミガシアワセ
ミミジューク,ミミジューク
ミミックス,ミミックス
ミミニバナナ,ミミニバナナ
ミュウPB,ミュウPB
ミュシャ,ミュシャ
ミルクわんわん,ミルクわんわん
ミルクティー,ミルクティー
ミルクプロテイン,ミルクプロテイン
ミントチョコレート,ミントチョコレート
ミンワ,ミンワ
ムーンサルト,ムーンサルト
ムーンシェイド,ムーンシェイド
ムーンナイト,ムーンナイト
ムーンライトわんわん,ムーンライトわんわん
ムーンラキータ,ムーンラキータ
メイクアイディア,メイクアイディア
メイメイ,メイメイ
メガギガエロス:バースト,メガギガエロス:バースト
メスイキ&フェティッシュ,メスイキ&フェティッシュ
メスガキダークネス,メスガキダークネス
メスガキプレイ,メスガキプレイ
メスマグロ,メスマグロ
メヤスバコ-MeyasuBako-,メヤスバコ-MeyasuBako-
メルティービーンズ,メルティービーンズ
メロイック,メロイック
メロン100%,メロン100%
メンゲルレの研究室,メンゲルレの研究室
メープルハウス,メープルハウス
モノジスト,モノジスト
モヨホシバコ,モヨホシバコ
モラトリアム機関,モラトリアム機関
モルモットストリップ,モルモットストリップ
モンブラン,モンブラン
ヤドナーズcafe,ヤドナーズcafe
ヤマネ紳士会,ヤマネ紳士会
ヤマメ,ヤマメ
ヤマークツ,ヤマークツ
ヤンデレシチュボ研究所,ヤンデレシチュボ研究所
ユニコーンの花園,ユニコーンの花園
ユビノタクト,ユビノタクト
ユリイカ,ユリイカ
ユリシス,ユリシス
ユーカリ亭,ユーカリ亭
ユーフォリアファクトリー,ユーフォリアファクトリー
ユーフルカ,ユーフルカ
ヨルマガ!-ASMR Night Life Media-,ヨルマガ!-ASMR Night Life Media-
ライオクライオ,ライオクライオ
ライプラ,ライプラ
ライラの性癖まっしぐら!,ライラの性癖まっしぐら!
ラウンドソフト,ラウンドソフト
ラクティックアシッド,ラクティックアシッド
ラビットコイン,ラビットコイン
ラビットラバー,ラビットラバー
ラフスケッチ,ラフスケッチ
ラブ×ダークネス,ラブ×ダークネス
ラブジュース,ラブジュース
ラブラブチュール,ラブラブチュール
ラブリリィ,ラブリリィ
ラブレムのご主人様ゆーくん,ラブレムのご主人様ゆーくん
ラプランド,ラプランド
ラボ ランドシャフト,ラボ ランドシャフト
ラボゲームスタジオ,ラボゲームスタジオ
ラムネ屋,ラムネ屋
ランプシェヰド,ランプシェヰド
ラヴすくりぃむ,ラヴすくりぃむ
ラヴィッシュ。,ラヴィッシュ。
ラーメン熊楠,ラーメン熊楠
リアルP活,リアルP活
リアルサウンド,リアルサウンド
リサーチ淫セックス,リサーチ淫セックス
リシェイラ,リシェイラ
リディル@ハーツ,リディル@ハーツ
リニアプレス,リニアプレス
リビドー亭,リビドー亭
リビプロ,リビプロ
リフテンロック,リフテンロック
リボーンズナイツ,リボーンズナイツ
リリィ・クリスティア,リリィ・クリスティア
リリックボックス,リリックボックス
リリム.ラボ/兎月りりむ。,リリム.ラボ/兎月りりむ。
リング,リング
リヴィエール,リヴィエール
リーリエベル,リーリエベル
ルナちっく!,ルナちっく!
ルヒー出版,ルヒー出版
ルールミルフィーユ,ルールミルフィーユ
レイア・ガルシア,レイア・ガルシア
レイノーシンドローム,レイノーシンドローム
レジスタンスシルテグヤマ,レジスタンスシルテグヤマ
レジスタンステグヤマ,レジスタンステグヤマ
レジスタンス和歌山,レジスタンス和歌山
レッドウーロン,レッドウーロン
レッドキャビア,レッドキャビア
レベルM,レベルM
レーゲ連合王国,レーゲ連合王国
ロベルト・キャスパ,ロベルト・キャスパ
ロボコスキー粒子,ロボコスキー粒子
ロマンス工房,ロマンス工房
ロリっくorロリっ娘!,ロリっくorロリっ娘!
ワイルドストロベリー,ワイルドストロベリー
ワイン娘,ワイン娘
ワサビ屋,ワサビ屋
ワシガソダテタ,ワシガソダテタ
ワンダーサプリメント,ワンダーサプリメント
ワード・シャッフル,ワード・シャッフル
ンホォォォ大絶頂!!欲望のまま背徳快楽シちゃい隊,ンホォォォ大絶頂!!欲望のまま背徳快楽シちゃい隊
ヴァンプちゃんは眷属になってほしそうにこちらを見ている!,ヴァンプちゃんは眷属になってほしそうにこちらを見ている!
ヴィーエヌ事務所,ヴィーエヌ事務所
ヴィーナスクラフト,ヴィーナスクラフト
ヴォイスウェア,ヴォイスウェア
ヴォイスギルド 小鳥団,ヴォイスギルド 小鳥団
ヴォイスドラマサークルFortuneStone,ヴォイスドラマサークルFortuneStone
ヴォイニッチプリン,ヴォイニッチプリン
一か八,一か八
一事が万事,一事が万事
一夜猫の夢,一夜猫の夢
一生さん,一生さん
一発やる会,一発やる会
一般社団法人こえのつばさ,一般社団法人こえのつばさ
一門会,一門会
一騎当千エクストラバースト,一騎当千エクストラバースト
七彩の暖,七彩の暖
七時計,七時計
七海道,七海道
七色ひろいん,七色ひろいん
万楽えね,万楽えね
三宅屋,三宅屋
三年目のアスパラ,三年目のアスパラ
上原ゆあch,上原ゆあch
上海飯店,上海飯店
丑三つ営業 音姫堂,丑三つ営業 音姫堂
世界樹のめばえ。,世界樹のめばえ。
両性天使,両性天使
中央うぬぼれ市民,中央うぬぼれ市民
丸々柴た〇,丸々柴た〇
丸見せ興行,丸見せ興行
乃村軒,乃村軒
乙女★七変化,乙女★七変化
九十九折り唄,九十九折り唄
九谷さんと愉快な仲間たち,九谷さんと愉快な仲間たち
乱痴ボックス,乱痴ボックス
乳ノ森娼太郎,乳ノ森娼太郎
事の次第,事の次第
二つ四葉,二つ四葉
二次之架橋,二次之架橋
二次元見聞録,二次元見聞録
二重スリット,二重スリット
五月のメイさん,五月のメイさん
享楽無軌道笑い翡翠,享楽無軌道笑い翡翠
人生通行止め,人生通行止め
人間以外,人間以外
今日もビンビン♂,今日もビンビン♂
仕上がってるよカナちゃん,仕上がってるよカナちゃん
他力本願,他力本願
付焼刃企画,付焼刃企画
仮性旅団,仮性旅団
任せろ屋,任せろ屋
伊ヶ崎綾香の庭,伊ヶ崎綾香の庭
佳音研究会,佳音研究会
便利屋あさぎ♪,便利屋あさぎ♪
俺だけが得する音声工房,俺だけが得する音声工房
俺得本舗,俺得本舗
俺得本舗 別館,俺得本舗 別館
倒錯に堕ちる。,倒錯に堕ちる。
偽薬,偽薬
催眠から悪堕ちまで,催眠から悪堕ちまで
催眠マンチカン,催眠マンチカン
催眠日記,催眠日記
催眠音声研究所,催眠音声研究所
傷シオ,傷シオ
僕色どろっぷ,僕色どろっぷ
優越と喪失,優越と喪失
光の騎士団,光の騎士団
全日本ドM実力検定考査,全日本ドM実力検定考査
八目歌技,八目歌技
六乃たたみ,六乃たたみ
六車,六車
冷凍庫/freezer,冷凍庫/freezer
凛の屋,凛の屋
凛音屋,凛音屋
凜空のあとりえ*,凜空のあとりえ
出張ばにらんど売店,出張ばにらんど売店
制服days(旧:甘声),制服days旧:甘声
制服少女,制服少女
創作project黒蝶の戯れ,創作project黒蝶の戯れ
創作処「彩奏」,創作処「彩奏」
創作堂さくら紅葉,創作堂さくら紅葉
創音,創音
劇團近未来,劇團近未来
加圧されたマシュマロ,加圧されたマシュマロ
加藤堂,加藤堂
加虐幻想恋愛論-μ-,加虐幻想恋愛論-μ-
加虐趣味な彼女,加虐趣味な彼女
加速えっぢ,加速えっぢ
励ましボイス制作室,励ましボイス制作室
効果音源,効果音源
勇者パーティーを追放されたビーストテイマー、最強種の猫耳少女と出会う,勇者パーティーを追放されたビーストテイマー、最強種の猫耳少女と出会う
勇者乾電池,勇者乾電池
包装連,包装連
化犬亭,化犬亭
半熟メロンパン,半熟メロンパン
卑弥呼の秘密の話,卑弥呼の秘密の話
原動機付きケッタマシン,原動機付きケッタマシン
原子,原子
双nari本家,双nari本家
双子プロジェクト,双子プロジェクト
双葉ホロ,双葉ホロ
古都ことり,古都ことり
古：時計,古：時計
可憐の花 夢園,可憐の花 夢園
右手少女,右手少女
右腕激痛テクニシャン,右腕激痛テクニシャン
吉花こころ,吉花こころ
同キャラ同好会,同キャラ同好会
同人ふぇち,同人ふぇち
同人美少女ゲーム,同人美少女ゲーム
同愛音声,同愛音声
向日葵亭,向日葵亭
君の推し屋さん,君の推し屋さん
吟遊夜会,吟遊夜会
周防パトラ,周防パトラ
和をん。の性癖溜まり,和をん。の性癖溜まり
和ギャルす,和ギャルす
和風すくろーる,和風すくろーる
和風コロネ,和風コロネ
咲楽の福屋,咲楽の福屋
善鐘会,善鐘会
喘声本舗,喘声本舗
喫茶ふぉっくすている,喫茶ふぉっくすている
喫茶綴,喫茶綴
嗅人ぬ宝,嗅人ぬ宝
嘘の手助け,嘘の手助け
噂のエロレディオヘッド,噂のエロレディオヘッド
四ノ音堂,四ノ音堂
四伍六(しごろ)堂,四伍六しごろ堂
四風の街,四風の街
因果オホォォォ!,因果オホォォォ!
因果交流電燈,因果交流電燈
固定概念,固定概念
国屋敷,国屋敷
国立カラーひよこ保護センター,国立カラーひよこ保護センター
土竜卑行,土竜卑行
在りし日を見て花冠を,在りし日を見て花冠を
地対空カドマツ,地対空カドマツ
地獄のエルドラド,地獄のエルドラド
城下町スタジオ,城下町スタジオ
堂珍堂,堂珍堂
堕楽屋,堕楽屋
声☆性☆制,声☆性☆制
声のしごとば!製作委員会,声のしごとば!製作委員会
声優グランプリ,声優グランプリ
声好雨読,声好雨読
声録り部,声録り部
声音楽園3ねん8くみ,声音楽園3ねん8くみ
壱味堂,壱味堂
変幻物語,変幻物語
変態マゾ研究所,変態マゾ研究所
変態実行ファイル,変態実行ファイル
夏Alternative,夏Alternative
夏の空港,夏の空港
夏妹soft,夏妹soft
夏野企画,夏野企画
夕暮れ図書館,夕暮れ図書館
夕陽seasidebox,夕陽seasidebox
多幸感ノイズ,多幸感ノイズ
多段斬り工房,多段斬り工房
夜のあいだに。,夜のあいだに。
夜のひつじ,夜のひつじ
夜のパティシエ,夜のパティシエ
夜桜字幕組,夜桜字幕組
夜色,夜色
夜風と星,夜風と星
夢かき屋,夢かき屋
夢つづら,夢つづら
夢の中工房,夢の中工房
夢の島,夢の島
夢代理,夢代理
夢先鳥仔,夢先鳥仔
夢創 ～MUSOU～,夢創 ～MUSOU～
夢宮,夢宮
夢幻制作,夢幻制作
夢幻図書館,夢幻図書館
夢想界,夢想界
夢枕,夢枕
夢猫,夢猫
夢色パラダイス,夢色パラダイス
夢草子,夢草子
夢見屋さん,夢見屋さん
夢見弖ヒカリ,夢見弖ヒカリ
夢音工房,夢音工房
大きな円周率,大きな円周率
大人のお話,大人のお話
大樹,大樹
大沼屋,大沼屋
大盛やきそば会,大盛やきそば会
大盛りパフェ3食めっ!,大盛りパフェ3食めっ!
天井のシミ,天井のシミ
天使堂,天使堂
天川ふわり,天川ふわり
天源高野,天源高野
天然シリコン,天然シリコン
天秤を揺らす女,天秤を揺らす女
天羽しづくのピンクな世界,天羽しづくのピンクな世界
天馬御殿,天馬御殿
太郎監督@サイズフェチ,太郎監督@サイズフェチ
失楽少女,失楽少女
失神ファンクラブ,失神ファンクラブ
奈落工房,奈落工房
奏でる月色,奏でる月色
女による女への陵辱,女による女への陵辱
女の子至上主義,女の子至上主義
女子ニモ勝テズ,女子ニモ勝テズ
女尊男卑戦線,女尊男卑戦線
女神Qlove,女神Qlove
女神toM,女神toM
女騎士の城,女騎士の城
妄想くりえーしょん,妄想くりえーしょん
妄想キングダム,妄想キングダム
妄想クリエーション-WOICE-,妄想クリエーション-WOICE-
妄想ヘキ,妄想ヘキ
妄想マッシュルーム,妄想マッシュルーム
妄想ワールド,妄想ワールド
妄想倶楽部,妄想倶楽部
妄想催眠術会,妄想催眠術会
妄想地蔵,妄想地蔵
妄想文化広報委員会,妄想文化広報委員会
妄想族☆,妄想族☆
妄想研究所,妄想研究所
妄想解放戦線,妄想解放戦線
妖声堂,妖声堂
妹すたー,妹すたー
妹プロジェクト,妹プロジェクト
妹好き養成所,妹好き養成所
姫VOICE,姫VOICE
娘ん娘ん屋,娘ん娘ん屋
学び処 心那〜ここな〜,学び処 心那〜ここな〜
安心安全ボコボコ委員会,安心安全ボコボコ委員会
安眠帝ピロー,安眠帝ピロー
安穏剣呑,安穏剣呑
宗教団体真メグデス,宗教団体真メグデス
宙果てスタジオ,宙果てスタジオ
実演音声普及協会,実演音声普及協会
実録母子相姦,実録母子相姦
実録汚物音声専門店,実録汚物音声専門店
宵の花園,宵の花園
密音色,密音色
寝取られ新世界,寝取られ新世界
寧色屋,寧色屋
専門店ヤンデレ癒しボイス,専門店ヤンデレ癒しボイス
将来、不安堂,将来、不安堂
尊妹,尊妹
小夜夏ロニ子,小夜夏ロニ子
小林性薬,小林性薬
小町堂,小町堂
小説モーメント,小説モーメント
小説屋 白石華,小説屋 白石華
小越紬,小越紬
少女の失敗販売店,少女の失敗販売店
少女パレート,少女パレート
尻盛煩悩寺,尻盛煩悩寺
居留守栞,居留守栞
居眠り堂,居眠り堂
居酒屋少女,居酒屋少女
山吹堂,山吹堂
山河屋,山河屋
山田の搾精農場,山田の搾精農場
山田工房,山田工房
山羊印文庫,山羊印文庫
山脈の城,山脈の城
岩盤浴,岩盤浴
岩石堂,岩石堂
島取砂久,島取砂久
川洲出版,川洲出版
川瀬のはねやすめ,川瀬のはねやすめ
工場ちゃん,工場ちゃん
工房七,工房七
工画堂スタジオ,工画堂スタジオ
市ノ瀬なな計画,市ノ瀬なな計画
希望のでこぽん,希望のでこぽん
帝国企画,帝国企画
帝国音楽堂,帝国音楽堂
常世常闇所々,常世常闇所々
常夏ボイン,常夏ボイン
常識改変お助けサービス,常識改変お助けサービス
帽子屋,帽子屋
幸福少女,幸福少女
幻声華艶,幻声華艶
幻想アンジェリカ,幻想アンジェリカ
幻想庵,幻想庵
幻想灯屋,幻想灯屋
幾ら鮭屋,幾ら鮭屋
底辺×高さ÷2,底辺×高さ÷2
廃油缶,廃油缶
彼岸花と無口少女。,彼岸花と無口少女。
後ろの商店,後ろの商店
徒歩々杉,徒歩々杉
御伽房,御伽房
御伽書房,御伽書房
御化たまて,御化たまて
御手元,御手元
微熱兆候,微熱兆候
心づくし音屋,心づくし音屋
心音堂,心音堂
必殺!スーパー筋肉もりもりパンチ,必殺!スーパー筋肉もりもりパンチ
忘れられない放課後,忘れられない放課後
快楽射精探求,快楽射精探求
快楽彼女,快楽彼女
快楽機姦研究所,快楽機姦研究所
快楽音声堂,快楽音声堂
思叫堂～ロア～,思叫堂～ロア～
思春期Works,思春期Works
思邪無庵,思邪無庵
性感ライフハック,性感ライフハック
性活良音,性活良音
性王ノ楽園,性王ノ楽園
性癖すいっち,性癖すいっち
性癖壱閃,性癖壱閃
性癖音屋,性癖音屋
性癖食堂,性癖食堂
性育学園後援会,性育学園後援会
怪奇大成,怪奇大成
怪淫堂,怪淫堂
恋夢,恋夢
恋妄音,恋妄音
恋楽屋,恋楽屋
恋煩い,恋煩い
恋花(リナリア),恋花リナリア
恥ずかしい子,恥ずかしい子
悪魔娘のおもちゃ箱,悪魔娘のおもちゃ箱
情報企画RG,情報企画RG
惠良製作所,惠良製作所
惡貓計畫 Akucat project,惡貓計畫 Akucat project
想謳×結律 心庵,想謳×結律 心庵
愛すくりいむ,愛すくりいむ
愛すくりいむ+,愛すくりいむ
愛色回春堂Z,愛色回春堂Z
憑依Project,憑依Project
我侭☆王子,我侭☆王子
我侭組,我侭組
我楽多組合,我楽多組合
手羽先ぺろぺろ,手羽先ぺろぺろ
押手まいる,押手まいる
拘束少女図鑑,拘束少女図鑑
招き★ネコ,招き★ネコ
拡張堂,拡張堂
支配少女,支配少女
改造少女 Cyborg Girls,改造少女 Cyborg Girls
放課後エトワール,放課後エトワール
新井健史&進行豹,新井健史&進行豹
新人フリーゲームコンテスト運営チーム,新人フリーゲームコンテスト運営チーム
新緑の館,新緑の館
新花街,新花街
新騎のVoice乱舞流,新騎のVoice乱舞流
新鮮なグミ,新鮮なグミ
方区愛,方区愛
旋風鬼,旋風鬼
日下部ラ・プーペ,日下部ラ・プーペ
日常のヤンデレ,日常のヤンデレ
日本性癖総合博覧会,日本性癖総合博覧会
日本酒のおとも,日本酒のおとも
日本電画専門学校,日本電画専門学校
旧・甲斐田邸,旧・甲斐田邸
早川あいす,早川あいす
星乃めもり,星乃めもり
星乃博物館,星乃博物館
星天大成,星天大成
星屑みぞれ,星屑みぞれ
星彩asterism,星彩asterism
星読み隠し,星読み隠し
春巻き侍,春巻き侍
春野くるみ,春野くるみ
春風セーター,春風セーター
昴の洞穴,昴の洞穴
時の箱庭,時の箱庭
時止乙女会,時止乙女会
暗中模索,暗中模索
暗灰Esoration,暗灰Esoration
暗黒あずまや,暗黒あずまや
暗黒大要塞鮭,暗黒大要塞鮭
暗黒機関,暗黒機関
暦Healing,暦Healing
最ハテ,最ハテ
最果てスタジオ,最果てスタジオ
最果てノート,最果てノート
月に憑かれたピエロ,月に憑かれたピエロ
月光プロダクツ,月光プロダクツ
月夜のラーメン,月夜のラーメン
月夜の帳,月夜の帳
月夜の書棚,月夜の書棚
月夜の黒猫,月夜の黒猫
月影の栞,月影の栞
月見ハク,月見ハク
有明ありす,有明ありす
朝倉屋,朝倉屋
朝日三丁目,朝日三丁目
木工用ミント,木工用ミント
末期偶想,末期偶想
札束飛行,札束飛行
杉梨屋,杉梨屋
杏仁まくら,杏仁まくら
杏仁亭,杏仁亭
来世猫と未来の大富豪,来世猫と未来の大富豪
東の彼方,東の彼方
東アカプロメシューム,東アカプロメシューム
東京VATS,東京VATS
東京ボイス,東京ボイス
東京専門店,東京専門店
東京録音堂,東京録音堂
東山誠BRAND,東山誠BRAND
枕木製作所,枕木製作所
果ての神社,果ての神社
柒柒音声,柒柒音声
柚子花,柚子花
柚月みずき,柚月みずき
柚木ゆき,柚木ゆき
柚木姉妹,柚木姉妹
栄,栄
株式会社ALFA,株式会社ALFA
株式会社クラウドセーフティ,株式会社クラウドセーフティ
株式会社テクロス,株式会社テクロス
株式会社フルーツポット,株式会社フルーツポット
桃奈みゆい,桃奈みゆい
桃尻引火帝国,桃尻引火帝国
桃瀬める,桃瀬める
桃狐の変態調教課題,桃狐の変態調教課題
桃箱,桃箱
桃色CODE,桃色CODE
桃色のぱらどっくす,桃色のぱらどっくす
桃色みんと,桃色みんと
桃色アルカディア,桃色アルカディア
桃色額縁,桃色額縁
桜ころみんの和茶屋,桜ころみんの和茶屋
桜の花園,桜の花園
桜坂学園☆プロジェクト,桜坂学園☆プロジェクト
桜庵,桜庵
桜月花音,桜月花音
桜色ピアノ,桜色ピアノ
桜花工房,桜花工房
桜鎮魂歌,桜鎮魂歌
梓沢まろん,梓沢まろん
棚二十五段,棚二十五段
森のにゃんこカフェ,森のにゃんこカフェ
極上サウンド,極上サウンド
極淑しすてむ,極淑しすてむ
楽園少女,楽園少女
槙島稲荷,槙島稲荷
横川音声制作所,横川音声制作所
櫻プロジェクト,櫻プロジェクト
櫻坂堂,櫻坂堂
欲しがり屋,欲しがり屋
欲望の塔,欲望の塔
欲望の幻想,欲望の幻想
欲望の森,欲望の森
欲望計画,欲望計画
歌い鈴,歌い鈴
殊座,殊座
毎日催眠,毎日催眠
毎日寿司,毎日寿司
毎日工房,毎日工房
毒蜜柑,毒蜜柑
毛ガニデパート,毛ガニデパート
気まぐれ堂,気まぐれ堂
水猫本舗,水猫本舗
水蓮,水蓮
水谷屋六花亭,水谷屋六花亭
水車小屋,水車小屋
水都おこめ,水都おこめ
水音中心,水音中心
氷結武具開発工房,氷結武具開発工房
氷花院家邸宅,氷花院家邸宅
永久恋愛りんごTea,永久恋愛りんごTea
永井監督,永井監督
永遠の夫,永遠の夫
汁次元,汁次元
汚素材屋,汚素材屋
泡の夢,泡の夢
波の花束,波の花束
洋ナシのタルト,洋ナシのタルト
流星ソラリス,流星ソラリス
浣腸羞恥劇場,浣腸羞恥劇場
浦和西製作所,浦和西製作所
浴場メイプル,浴場メイプル
海女神,海女神
涼の部屋,涼の部屋
涼風みお,涼風みお
淀み屋,淀み屋
淫乱朗読研究会,淫乱朗読研究会
淫声倶楽部,淫声倶楽部
淫語すたぁ,淫語すたぁ
淫語専門レーベル 雅屋,淫語専門レーベル 雅屋
淫語屋TASK,淫語屋TASK
淫魔の本棚,淫魔の本棚
深み屋,深み屋
深夜工房,深夜工房
深層の令嬢,深層の令嬢
深層音域,深層音域
深爪貴族,深爪貴族
添音亭,添音亭
清楚ビッチ工業,清楚ビッチ工業
清楚工房,清楚工房
清楚系LOVER,清楚系LOVER
渋垣ぷりん,渋垣ぷりん
渡り鳥,渡り鳥
温泉雪そふと,温泉雪そふと
湯舟に浮かぶ雨と星,湯舟に浮かぶ雨と星
満ちた森,満ちた森
満月屋台,満月屋台
激辛香辛料,激辛香辛料
濃厚まよみるく,濃厚まよみるく
灯の夢,灯の夢
灯花館,灯花館
灰猫のあしあと。,灰猫のあしあと。
無添メスマグロ,無添メスマグロ
無限遠点,無限遠点
焼きたらこ,焼きたらこ
煙屋,煙屋
煩悩ストラテジ,煩悩ストラテジ
熊猫カフェ,熊猫カフェ
熊猫通商,熊猫通商
熊鈴,熊鈴
熟々ジュブナイル,熟々ジュブナイル
熟れた女の懺悔室,熟れた女の懺悔室
熟女と犬,熟女と犬
爪切りメガホンwith綿棒,爪切りメガホンwith綿棒
牛乳ソフト,牛乳ソフト
特殊えっちだいすきクラブ,特殊えっちだいすきクラブ
犬になったら好きな人に拾われた。,犬になったら好きな人に拾われた。
犬走り,犬走り
狐屋本舗,狐屋本舗
狐雨の四季,狐雨の四季
狛江快楽研究所,狛江快楽研究所
独りでできるもん,独りでできるもん
独特のM,独特のM
狼狽亭,狼狽亭
猫の穴,猫の穴
猫まんま,猫まんま
猫丸もふ屋,猫丸もふ屋
猫原いおりと気持ちいいコトしちゃお?,猫原いおりと気持ちいいコトしちゃお
猫又公司,猫又公司
玄姫屋,玄姫屋
玄楽堂,玄楽堂
玄米フレーク太郎,玄米フレーク太郎
玲の部屋,玲の部屋
珍宝院,珍宝院
瑠璃瑠璃企画,瑠璃瑠璃企画
甘M,甘M
甘々と毒々,甘々と毒々
甘い甘,甘い甘
甘がき処,甘がき処
甘く切ない教材 あんず出版,甘く切ない教材 あんず出版
甘とろ屋,甘とろ屋
甘味処,甘味処
甘味抜き茶屋,甘味抜き茶屋
甘声工房,甘声工房
甘妻性教育,甘妻性教育
甘姉てぃな,甘姉てぃな
甘師子チャンネル,甘師子チャンネル
甘幸冬水,甘幸冬水
甘恵リラクゼーションサロン,甘恵リラクゼーションサロン
甘泉少女,甘泉少女
甘辛ギネコクラシー,甘辛ギネコクラシー
甘音缶,甘音缶
甜甜流,甜甜流
生ハメ堕ち部★LACK,生ハメ堕ち部★LACK
生牡蠣音響,生牡蠣音響
生肉汁学園,生肉汁学園
生肉汁星人,生肉汁星人
田中STUDIO,田中STUDIO
男の子と女の子,男の子と女の子
男を思い通りに操る術、教えます。,男を思い通りに操る術、教えます。
男性受け至上主義国家,男性受け至上主義国家
異世界ASMR,異世界ASMR
病的Sadistic,病的Sadistic
病院坂の家,病院坂の家
痛風舎,痛風舎
癒され帯域,癒され帯域
癒しの森の家,癒しの森の家
癒し庵もち猫,癒し庵もち猫
癒し湯,癒し湯
癒し音屋,癒し音屋
癒世界ASMR,癒世界ASMR
癒月華,癒月華
発情ボイス,発情ボイス
発情レジデンス,発情レジデンス
発酵,発酵
白いラブレター,白いラブレター
白杜神社社務所,白杜神社社務所
白桃くりーむぱい,白桃くりーむぱい
白桃堂,白桃堂
白蛙,白蛙
百合創作サークル「ViViD」,百合創作サークル「ViViD」
百合虎魂,百合虎魂
百咲と旦那様との秘密のお部屋♡,百咲と旦那様との秘密のお部屋♡
真っ白な群青,真っ白な群青
真夜中の淫欲図書館,真夜中の淫欲図書館
真夜中遊び,真夜中遊び
眠り屋,眠り屋
眠民,眠民
瞬間最大風速,瞬間最大風速
知恵の実,知恵の実
研究会,研究会
礼門屋,礼門屋
社,社
禁印めーかー,禁印めーかー
禁断の破滅型快楽プラン,禁断の破滅型快楽プラン
福耳,福耳
秋の叶,秋の叶
秋の飴,秋の飴
秋之瀬商会,秋之瀬商会
秋桜庵,秋桜庵
秋葉原クリエイティ部,秋葉原クリエイティ部
秘密の俱楽部,秘密の俱楽部
秘密の舞踏会,秘密の舞踏会
秘密組織オレンジ団,秘密組織オレンジ団
秘密結社かりん党,秘密結社かりん党
穴キューピッド,穴キューピッド
空っぽのキャンバス,空っぽのキャンバス
空心菜館,空心菜館
空想にゃん奇譚,空想にゃん奇譚
空想エボリューション,空想エボリューション
空想本舗,空想本舗
空想欲望工房,空想欲望工房
空想科学研究所(SFL),空想科学研究所SFL
空手ラブストーリー,空手ラブストーリー
空月蓮,空月蓮
窓際クルセイダーズ,窓際クルセイダーズ
竜宮の遣い,竜宮の遣い
童子繭,童子繭
童帝の見解,童帝の見解
童貞ペンギン,童貞ペンギン
竿淵釣具店,竿淵釣具店
笑顔で殴る君が好き!,笑顔で殴る君が好き!
笛音屋,笛音屋
筋トレメイドカフェ,筋トレメイドカフェ
筒森,筒森
管理人Y,管理人Y
箱庭*ふぉとじぇにっく,箱庭ふぉとじぇにっく
箱庭遊戯,箱庭遊戯
籠の中の小鳥,籠の中の小鳥
精密写劇,精密写劇
紗彩木ひそり,紗彩木ひそり
紙丘,紙丘
素人Sっ子クラブ,素人Sっ子クラブ
素人専門,素人専門
素人音声Consegna,素人音声Consegna
紫,紫
紫桜の庭園,紫桜の庭園
紫眼球水槽,紫眼球水槽
紫餡堂,紫餡堂
紳士の教養,紳士の教養
紺色委員長,紺色委員長
絢爛屋,絢爛屋
絵の無いゲーム,絵の無いゲーム
絵路研究所,絵路研究所
絶対少女帝国,絶対少女帝国
絶対純愛少女,絶対純愛少女
絶頂領イキ,絶頂領イキ
綾椛亭,綾椛亭
綾瀬あおい,綾瀬あおい
綾胸家,綾胸家
綿谷SVLさいみんクラブ,綿谷SVLさいみんクラブ
緑茶丸,緑茶丸
線形空間,線形空間
縁-en-,縁-en-
縞々志摩,縞々志摩
羞恥!聖水女学園,羞恥!聖水女学園
羞恥秋,羞恥秋
耳かき工房,耳かき工房
耳を犯す音声,耳を犯す音声
耳を癒せば,耳を癒せば
耳セレブ,耳セレブ
耳之輪,耳之輪
耳得音声工房,耳得音声工房
耳恋本舗,耳恋本舗
聖ひめまつり,聖ひめまつり
聖ヘル大聖堂,聖ヘル大聖堂
聖地らぼらとり,聖地らぼらとり
聖華快楽書店,聖華快楽書店
肉々プリン,肉々プリン
肉フロム堂,肉フロム堂
肉削ぎ包丁,肉削ぎ包丁
肉汁重工,肉汁重工
肯定ちゃんのお店,肯定ちゃんのお店
背徳ブランドー,背徳ブランドー
胡桃れみ,胡桃れみ
胡蝶蘭,胡蝶蘭
胡蝶蘭プロジェクト,胡蝶蘭プロジェクト
脳とりがー,脳とりがー
脳汁ドロップ,脳汁ドロップ
脳縮還元,脳縮還元
脳蜜デリバリー,脳蜜デリバリー
腋汗ペロペロ,腋汗ペロペロ
自己啓発の最果て,自己啓発の最果て
自己破産すたじお,自己破産すたじお
臼歯,臼歯
舐め舐め屋,舐め舐め屋
色味紳士,色味紳士
色彩魔術団,色彩魔術団
色情補正.,色情補正.
艶色お姉さん,艶色お姉さん
艶鬼,艶鬼
芋下B.C.,芋下B.C.
芦緒休憩室,芦緒休憩室
花あかり,花あかり
花よりASMR,花よりASMR
花魁声巻～遊女と乱れる江戸の夜,花魁声巻～遊女と乱れる江戸の夜
花麹710,花麹710
若葉祥慶,若葉祥慶
苺咲べりぃ,苺咲べりぃ
苺華ねるこ,苺華ねるこ
茶葉堂,茶葉堂
草乃庵,草乃庵
荘ノヴァ,荘ノヴァ
菊菜さん個人,菊菜さん個人
菜の花ごはん,菜の花ごはん
華ディスコ,華ディスコ
萌えCute!,萌えCute!
萌えっと通信社,萌えっと通信社
萌えキュン☆さうんどりむ,萌えキュン☆さうんどりむ
萌工房,萌工房
萌猫研究所,萌猫研究所
葉桜ノ季節,葉桜ノ季節
葛城なおの部屋 in DLSite,葛城なおの部屋 in DLSite
蒼空うさぎ,蒼空うさぎ
蒼見鳥,蒼見鳥
蓮の庭,蓮の庭
蓮希るい,蓮希るい
薔薇猫本舗,薔薇猫本舗
薬味亭,薬味亭
藤の音,藤の音
藤和工場,藤和工場
藤野もも,藤野もも
蘭丸グラフィックス,蘭丸グラフィックス
虎狼亭,虎狼亭
虎缶,虎缶
虚ろな瞳,虚ろな瞳
虫の箱庭,虫の箱庭
虹原美術店,虹原美術店
虹色メリー,虹色メリー
虹色揚羽,虹色揚羽
蛇之目工房,蛇之目工房
蛍日亭,蛍日亭
蜜月-あるてあ-,蜜月-あるてあ-
蟻々屋,蟻々屋
袖口lab,袖口lab
被支配中毒,被支配中毒
裏側授乳広場,裏側授乳広場
裏垢スタジオ,裏垢スタジオ
裏山制作部,裏山制作部
裏橋製作プラス,裏橋製作プラス
製作集団Void,製作集団Void
角砂糖,角砂糖
詰みたてニート,詰みたてニート
誘惑コンクエスト,誘惑コンクエスト
誤答世界,誤答世界
誰得催眠製作所,誰得催眠製作所
調教少女,調教少女
谷奥の蛙,谷奥の蛙
豚骨ウェーブ,豚骨ウェーブ
負けドニア王国,負けドニア王国
貢ぎマゾ開発,貢ぎマゾ開発
貢ぎ奴隷まーしゅ,貢ぎ奴隷まーしゅ
販売代理店,販売代理店
赤っぽいムク犬,赤っぽいムク犬
赤子戦隊,赤子戦隊
赤月ナーノン,赤月ナーノン
赤白樫,赤白樫
赤耳アカミ,赤耳アカミ
超余裕空間,超余裕空間
趣味工房にんじんわいん,趣味工房にんじんわいん
足跡の水たまり,足跡の水たまり
路傍に消える,路傍に消える
軍事学習社,軍事学習社
近未来のふわふわ,近未来のふわふわ
近未来教養文庫,近未来教養文庫
迷える俺ら,迷える俺ら
逢縁喜縁,逢縁喜縁
連動音声つくり隊,連動音声つくり隊
道々亭,道々亭
道端えんかうんと,道端えんかうんと
遠蛮亭,遠蛮亭
那由多堂,那由多堂
邪淫の祭壇,邪淫の祭壇
酒熊評議会,酒熊評議会
酢味噌屋,酢味噌屋
重力堂,重力堂
野生に帰り隊,野生に帰り隊
金平糖の夢,金平糖の夢
金色のモンドセレクション,金色のモンドセレクション
金貨と航路の物語,金貨と航路の物語
鈴の音,鈴の音
鈴の音りんりん♬,鈴の音りんりん♬
鈴蘭堂,鈴蘭堂
鉄ONE,鉄ONE
鉄ガマ亭,鉄ガマ亭
銀娘,銀娘
銭湯ばにゃ～ど,銭湯ばにゃ～ど
闇汁会,闇汁会
闇鍋亭,闇鍋亭
防鯖潤滑剤,防鯖潤滑剤
阿野憂,阿野憂
陸わかめの潮騒,陸わかめの潮騒
雌KONG!!,雌KONG!!
雑魚伊すらみゅ,雑魚伊すらみゅ
雨宮たぬき,雨宮たぬき
雨宿りの里,雨宿りの里
雪月花 JAPAN,雪月花 JAPAN
雪荷風ノ宿,雪荷風ノ宿
雪見だいふくらぶ,雪見だいふくらぶ
雪見日和,雪見日和
雪道アンブレラ,雪道アンブレラ
零墨堂,零墨堂
雷夢,雷夢
電子書籍普及委員会,電子書籍普及委員会
電撃G's magazine,電撃G's magazine
電撃萌王,電撃萌王
霞茶屋,霞茶屋
霧切酢,霧切酢
霧島性堂,霧島性堂
青ひげ工房,青ひげ工房
青春×フェティシズム,青春×フェティシズム
青春堕ち,青春堕ち
青色フィルム,青色フィルム
青色ラボ,青色ラボ
非現実的NR,非現実的NR
革命的しゅ～くり～む,革命的しゅ～くり～む
音サプリ,音サプリ
音ノ咲,音ノ咲
音ノ葉クリエイト,音ノ葉クリエイト
音フェチの為のCyclone,音フェチの為のCyclone
音メイド♪,音メイド♪
音乙亭,音乙亭
音劇傭兵団,音劇傭兵団
音声作品のお手伝いをあなたに。近くの素材屋さん。,音声作品のお手伝いをあなたに。近くの素材屋さん。
音小屋,音小屋
音屋,音屋
音屋重工,音屋重工
音工房,音工房
音戯劇場,音戯劇場
音撫屋,音撫屋
音春堂,音春堂
音月工房,音月工房
音物語,音物語
音球倶楽部,音球倶楽部
音秘,音秘
音船団,音船団
音那由多,音那由多
韻音堂,韻音堂
響庵,響庵
風に塗るクレヨン,風に塗るクレヨン
風の奴隷,風の奴隷
風呂井戸ソフト,風呂井戸ソフト
風紀委員会,風紀委員会
風花工房,風花工房
風花雪月,風花雪月
飴屋いちご堂,飴屋いちご堂
飴玉屋さん,飴玉屋さん
饼干窝,饼干窝
香のガラクタ露店,香のガラクタ露店
香原つかさ / Kahara Tsukasa,香原つかさ / Kahara Tsukasa
高温多湿劇場,高温多湿劇場
鬼塚クリス,鬼塚クリス
鬼炉庵,鬼炉庵
魁屋,魁屋
魔いのりてーたいむ,魔いのりてーたいむ
魔人ゴ,魔人ゴ
魔法書肆アスタリスク,魔法書肆アスタリスク
魔界Quest,魔界Quest
魔転狼,魔転狼
魚の耳,魚の耳
魚は旨い。,魚は旨い。
鮫工房,鮫工房
鴨せいろ,鴨せいろ
鵜の止まり木,鵜の止まり木
鹿島製本,鹿島製本
鹿足プルレ,鹿足プルレ
麦茶一家,麦茶一家
麻倉由衣,麻倉由衣
麻布書房,麻布書房
黄昏の揺り籠,黄昏の揺り籠
黄猿屋,黄猿屋
黎明機構第三研究開発部,黎明機構第三研究開発部
黒い教室,黒い教室
黒イ都,黒イ都
黒咲りん,黒咲りん
黒天狗-KUROTENGU-,黒天狗-KUROTENGU-
黒月商会,黒月商会
黒月堂,黒月堂
黒桃団,黒桃団
黒毛屋本舗,黒毛屋本舗
黒猫ハウス,黒猫ハウス
黒百合スタジオ,黒百合スタジオ
黒翡翠工房,黒翡翠工房
黒色珊瑚,黒色珊瑚
黒薔薇ぷろでゅーす,黒薔薇ぷろでゅーす
黒豆黒い豆,黒豆黒い豆
黒金の卵☆☆,黒金の卵☆☆
龍宮の使い(闇),龍宮の使い闇
龍宮亭,龍宮亭
