id,tag
0,3D作品
1,ASMR
169,OL
43,SF
95,SM
2,TRPG
3,TRPGシナリオ
4,TRPGリプレイ集
5,TRPGルールブック
6,VTuber
15,おさわり
17,おっぱい
48,おねショタ
161,おむつ
162,おもちゃ
50,おもらし
178,おやじ
177,お姉さん
175,お嬢様
16,お尻/ヒップ
22,きせかえ
114,くすぐり
192,くノ一
196,けもの/獣化
119,ごっくん/食ザー
123,ささやき
149,ぶっかけ
238,ぷに
83,ほのぼの
288,ぼて腹/妊婦
99,アナル
8,アニメ
9,アヘ顔
10,アンソロジー
101,イラマチオ
171,ウェイトレス
172,エプロン
173,エルフ/妖精
46,オカルト
103,オナサポ
104,オナニー
49,オフィス/職場
14,オールハッピー
180,ガーター
54,キャットファイト
53,ギャグ
189,ギャル
115,ゲイ/男同士
197,コスプレ
56,コメディ
198,ゴスロリ
199,サキュバス/淫魔
57,サスペンス
200,シスター
211,ショタ
272,ショートカット
60,シリアス
26,シリーズもの
132,スカトロ
214,スクール水着
215,ストッキング
216,スパッツ
133,スパンキング
61,スポーツ
274,スレンダー
213,スーツ
218,セーラー服
65,ソフトエッチ
221,ゾンビ
32,チラリズム
277,ツインテール
33,ツクール
278,ツルペタ
224,ツンデレ
35,ドット
229,ナース
298,ニプルファック
231,ニューハーフ
230,ニーソックス
280,ネコミミ
75,ノンフィクション/体験談
145,ノーマルプレイ
76,ハーレム
77,バイオレンス
36,バイノーラル/ダミヘ
232,バニーガール
146,パイズリ
281,パイパン
234,パンツ
235,ビッチ
165,ピアス/装飾品
81,ファンタジー
300,フィストファック
38,フェチ
147,フェラチオ
284,フタナリ
240,ブルマ
84,ホラー
242,ボクっ娘
244,ボンデージ
289,ポニーテール
39,マニアック/変態
87,ミステリー
249,ミニスカ
89,ミリタリー
166,ムチ/縄/蝋燭
290,ムチムチ
252,メイド
253,メガネ
154,モブ姦
254,ヤクザ/裏社会
255,ヤンデレ
258,ラバー
91,ラブコメ
92,ラブラブ/あまあま
302,リョナ
157,レイプ
259,レオタード
260,レスラー/格闘家
158,レズ/女同士
261,ロボット/アンドロイド
262,ロリ
292,ロングヘア
168,ローション
116,下克上
201,下着
239,不良/ヤンキー
142,中出し
86,丸呑み
205,主従
275,乳首/乳輪
297,人体改造
212,人外娘/モンスター娘
236,人妻
223,体操着
222,体育会系/スポーツ選手
243,保健医
121,催眠
24,催眠音声
220,先輩/後輩
273,処女
128,出産
79,初体験
217,制服
286,包茎
237,双子
118,口内射精
68,同居
69,同棲
227,同級生/同僚
160,和姦
78,売春/援交
241,変身ヒロイン
181,外国人
225,天使/悪魔
226,天然
285,太め/デブ
19,女主人公
72,女体化
206,女医
25,女性視点
179,女教師
207,女王様/お姫様
210,女装
141,奴隷
144,妊娠/孕ませ
257,妖怪
170,妹
203,姉妹
251,娘
52,学校/学園
182,学生
202,実姉
73,寝取られ
74,寝取り
208,少女
209,少年
143,尿道
47,屋外
267,巨乳/爆乳
266,巨大化
265,巨根
247,巫女
228,年上
174,幼なじみ
256,幽霊
111,強制/無理矢理
62,性転換(TS)
55,恋人同士
97,悪堕ち
20,感動
80,憑依
64,戦場
219,戦士
139,手コキ
21,技術書
117,拘束
293,拡張
296,拷問
122,搾乳
185,擬人化
151,放尿/おしっこ
150,放置プレイ
190,教師
93,料理/グルメ
30,断面図
287,方言
183,既婚者
71,日常/生活
58,時間停止
250,未亡人
34,東方Project
51,格闘
108,機械姦
70,歳の差
94,歴史/時代物
152,母乳
233,母親
248,水着
27,汁/液大量
134,洗脳
107,浣腸
45,浮気
29,淡白/あっさり
102,淫乱
12,淫語
125,潮吹き
291,無表情
130,焦らし
204,熟女
41,燃え
294,狂気
301,猟奇
126,獣姦
271,獣耳
124,産卵
176,男の娘
18,男主人公
135,男性受け
100,異種姦
136,痴漢
11,癒し
90,百合
140,盗撮
105,監禁
188,着物/和服
31,着衣
131,睡眠姦
63,石化
279,童貞
268,筋肉
59,純愛
113,緊縛
28,総集編
127,羞恥/恥辱
187,義妹
184,義姉
186,義母
88,耳かき
153,耳舐め
7,脚
299,腹パン
44,色仕掛け
195,芸能人/アイドル/モデル
40,萌え
167,薬物
137,蟲姦
295,血液/流血
283,複乳/怪乳/超乳
148,複数プレイ/乱交
264,褐色/日焼け
129,触手
120,言葉責め
37,評論
138,調教
194,警察/刑事
282,貧乳/微乳
98,足コキ
193,軍服
156,輪姦
112,近親相姦
66,退廃/背徳/インモラル
110,逆レイプ
23,逆転無し
42,連続絶頂
164,道具/異物
269,金髪
276,長身
263,陰毛/腋毛
155,陵辱
67,電車
159,露出
96,青姦
191,靴下
106,顔射
82,風俗/ソープ
163,首輪/鎖/拘束具
13,鬱
109,鬼畜
85,魔法
246,魔法使い/魔女
245,魔法少女
270,黒髪
