voice_actor,for_search
+net,net
38,38
53,53
AI,AI
AKIRA,AKIRA
Ageha,Ageha
Ah-ya,Ah-ya
Ahomi,Ahomi
Ame After Dark,Ame After Dark
BOGUDO,BOGUDO
CA,CA
CAN,CAN
Coco,Coco
Coo,Coo
DWU,DWU
Dark Dreams,Dark Dreams
EMI,EMI
HIZIRI,HIZIRI
JaponeSound,JaponeSound
Kinky.exe,Kinky.exe
Ko Clover,Ko Clover
KoZue*,KoZue
KuiKeN,KuiKeN
Kyoka,Kyoka
Lin,Lin
Lune,Lune
Lynn,Lynn
MAO,MAO
MI-KO,MI-KO
MOMO,MOMO
MOMOKA,MOMOKA
MOMOKA。,MOMOKA。
MOMOKA。（柚木桃香）,MOMOKA。（柚木桃香）
Machico,Machico
Mio,Mio
Momoka,Momoka
Myrrh・C,Myrrh・C
M・A・O,M・A・O
N,N
NAOKA,NAOKA
Nasuakio,Nasuakio
R.M,R.M
R18お姉さん,R18お姉さん
RIRI,RIRI
Riry@,Riry@
SA.O.RI,SA.O.RI
STELLA,STELLA
Saya,Saya
SeiN,SeiN
Seina,Seina
Sultry Lamp,Sultry Lamp
Sunny,Sunny
TAKU,TAKU
TOKYO SLUTTY GIRL,TOKYO SLUTTY GIRL
TRUMP,TRUMP
VOICEVOX:九州そら,VOICEVOX:九州そら
VOICEVOX:冥鳴ひまり,VOICEVOX:冥鳴ひまり
VOICEVOX四国めたん,VOICEVOX四国めたん
Xtrated-Xero.,Xtrated-Xero.
Yu-Nah,Yu-Nah
Yu-Nar,Yu-Nar
^_^,^_^
aiko,aiko
ajisaihimegu,ajisaihimegu
aki,aki
ayu,ayu
cHii,cHii
chiya,chiya
eruca*,eruca
hana,hana
hana10,hana10
kokko,kokko
labi,labi
magao,magao
mai,mai
mega,mega
mio,mio
mochimiyu,mochimiyu
mokachi,mokachi
saori,saori
yuayua,yuayua
yucc@,yucc@
yura,yura
あ、きのこ,あ、きのこ
あいざわゆう,あいざわゆう
あいはらこはる,あいはらこはる
あかしゆき,あかしゆき
あかつきあかり,あかつきあかり
あかつき蜜,あかつき蜜
あかみいおり,あかみいおり
あきそら,あきそら
あきひめ,あきひめ
あさかみみ,あさかみみ
あさぎ,あさぎ
あさぎ夕羅,あさぎ夕羅
あさくら環,あさくら環
あじ秋刀魚,あじ秋刀魚
あず,あず
あちゅか@,あちゅか@
あまね,あまね
あまら,あまら
あま裂あづき,あま裂あづき
ありかわ真奈,ありかわ真奈
ありがた〜い私,ありがた〜い私
ありがた～い私,ありがた～い私
ありのりあ,ありのりあ
ありみえ,ありみえ
あわびきの子,あわびきの子
あんこ,あんこ
あんね,あんね
あんﾘ♪[androije],あんﾘ♪androije]
いくら牛乳,いくら牛乳
いちい,いちい
いちか,いちか
いちごぱん,いちごぱん
いちる,いちる
いつかいゆ,いつかいゆ
いねむりすやこ,いねむりすやこ
いばら,いばら
いろは乙葉,いろは乙葉
うぃにー,うぃにー
ういの,ういの
うさこち,うさこち
うさ山うー太,うさ山うー太
うたの,うたの
うぢゅ,うぢゅ
うつつ,うつつ
うにさざえ,うにさざえ
うるるぎ　うに,うるるぎ　うに
ぇみり,ぇみり
えがなぐ,えがなぐ
えみな,えみな
えむちゃん,えむちゃん
えもこ,えもこ
おおきなこびと,おおきなこびと
おすすめアンドロイド,おすすめアンドロイド
おはぎ,おはぎ
おみみぷりん,おみみぷりん
お姉さんASMR,お姉さんASMR
かがみもえ,かがみもえ
かしなーた,かしなーた
かづき葵,かづき葵
かなせ,かなせ
かの仔,かの仔
かほ,かほ
かみかみナナシ,かみかみナナシ
かりん,かりん
かわしまりの,かわしまりの
きさらぎゆめは,きさらぎゆめは
きちゅね,きちゅね
きぬぎぬふみ,きぬぎぬふみ
くさのまい,くさのまい
くすはらゆい,くすはらゆい
くら闇子,くら闇子
くるえまみ,くるえまみ
くろかわ由理,くろかわ由理
くろみ,くろみ
けいの,けいの
ここね,ここね
こたつみやこ,こたつみやこ
こっこ,こっこ
ことぶき琴葉,ことぶき琴葉
ことほぎゆう,ことほぎゆう
ことりゆめこ,ことりゆめこ
このえゆずこ,このえゆずこ
このえゆずこ　,このえゆずこ　
こはね,こはね
こひらレイカ,こひらレイカ
こまちねね,こまちねね
こやのそら,こやのそら
こやまはる,こやまはる
こゆこゆ,こゆこゆ
こりす,こりす
ごはんちゃん,ごはんちゃん
ごま豆乳,ごま豆乳
さきゅばのえ,さきゅばのえ
さくら　もちこ,さくら　もちこ
さくら真咲,さくら真咲
さやまひさこ,さやまひさこ
しおこ,しおこ
しおりさん（OL・仮名）,しおりさん（OL・仮名）
しおりさん（仮名）,しおりさん（仮名）
しこたま倶楽部,しこたま倶楽部
ししゃも,ししゃも
しづく,しづく
しゃもも,しゃもも
しゃるろ,しゃるろ
しょこら,しょこら
しらかわ由理,しらかわ由理
しりかげる,しりかげる
しろあまね,しろあまね
しろいたち,しろいたち
しろいねこな,しろいねこな
じーえふママ,じーえふママ
すあま,すあま
すしぽもる,すしぽもる
すずきあすか,すずきあすか
すずな,すずな
すず（仮名）,すず（仮名）
すみれ,すみれ
せやなせや,せやなせや
せら!,せら!
そよかぜみらい,そよかぜみらい
そよかぜアメ,そよかぜアメ
そらまめ。,そらまめ。
たかしろ　まや,たかしろ　まや
たかはし智秋,たかはし智秋
たくみみえ,たくみみえ
ただのれゐ,ただのれゐ
たまこ,たまこ
たまちゃん,たまちゃん
だも子。,だも子。
ちぁむ,ちぁむ
ちぐさくん,ちぐさくん
ちさと,ちさと
ちむちむ,ちむちむ
ちゆ,ちゆ
ちょこ,ちょこ
ちるひ,ちるひ
てのひら,てのひら
てふてふ。,てふてふ。
てんしナチュラル,てんしナチュラル
てんちむ,てんちむ
てんゆ。,てんゆ。
とうきょー,とうきょー
とおのおと,とおのおと
とがりかも,とがりかも
ととと,ととと
とらんす,とらんす
とろぴこ,とろぴこ
とろろるな,とろろるな
なぃとめあ,なぃとめあ
なかせひな,なかせひな
なごあかね,なごあかね
なしのまりも,なしのまりも
なたでこころ,なたでこころ
なつめ,なつめ
なのたす,なのたす
なんなん,なんなん
にあ,にあ
にころまき,にころまき
にしだあきら,にしだあきら
にゃっぽ,にゃっぽ
にゃるポムポム,にゃるポムポム
にゃんにゃん,にゃんにゃん
ねこのみみ子,ねこのみみ子
のぐちゆり,のぐちゆり
のっち,のっち
ののはらめぐる,ののはらめぐる
のん,のん
のんちゃん,のんちゃん
はざくらさくら,はざくらさくら
はしこちゃん,はしこちゃん
はせべ倫世,はせべ倫世
はつみまこと,はつみまこと
はづき,はづき
はづきさや,はづきさや
はなまき.,はなまき.
はやかわあい,はやかわあい
はらぺこちゃん,はらぺこちゃん
はる,はる
はるかぜ。,はるかぜ。
ばにぃ,ばにぃ
ばみゆ,ばみゆ
ひぐらしかなみ,ひぐらしかなみ
ひとふたきり,ひとふたきり
ひと仔,ひと仔
ひなうさ,ひなうさ
ひなこ。,ひなこ。
ひなとりすずめ,ひなとりすずめ
ひなまつり,ひなまつり
ひなみつろりぃ,ひなみつろりぃ
ひむろゆり,ひむろゆり
ひめりんご,ひめりんご
ひより,ひより
ぴのぴ,ぴのぴ
ふあんちゃ,ふあんちゃ
ふくぱん,ふくぱん
ぷちゃ,ぷちゃ
ほしみやみみか,ほしみやみみか
ほりっく＊,ほりっく＊
ほんだちる,ほんだちる
ぽぽんねる,ぽぽんねる
ぽよまな,ぽよまな
ぽんさや,ぽんさや
まあ油るる,まあ油るる
まきいづみ,まきいづみ
まこと。,まこと。
まさきふぁん,まさきふぁん
ましゅまろ。,ましゅまろ。
ましろ妃菜,ましろ妃菜
まつぼっち田中,まつぼっち田中
まどのことり,まどのことり
まのめるか,まのめるか
まふゆ,まふゆ
まよなかねむこ,まよなかねむこ
まりなりな,まりなりな
まるいみかん,まるいみかん
まるる,まるる
みぃ～な。,みぃ～な。
みおん,みおん
みかげ,みかげ
みこ,みこ
みずきゆうか,みずきゆうか
みたかりん,みたかりん
みつき　るるこ,みつき　るるこ
みつばちゆき,みつばちゆき
みつまめ,みつまめ
みづきゆうか,みづきゆうか
みどりまこ,みどりまこ
みなかぜアメ,みなかぜアメ
みみ。,みみ。
みむ,みむ
みもざねむ,みもざねむ
みもりあいの,みもりあいの
みゃー,みゃー
みやぢ,みやぢ
みゅーみゅー,みゅーみゅー
みらふぉ,みらふぉ
みる,みる
みる☆くるみ,みる☆くるみ
みるくまりあーもんど,みるくまりあーもんど
みるくるみ,みるくるみ
みる（仮名）,みる（仮名）
みれー,みれー
めぃ,めぃ
めてろん,めてろん
めひこだぉ,めひこだぉ
める子,める子
もこもなか,もこもなか
もすか,もすか
もちづきみなみ,もちづきみなみ
もっと（仮）,もっと（仮）
もとき　りお,もとき　りお
もみぢ饅頭。,もみぢ饅頭。
ももきらんかん,ももきらんかん
ももぞの薫,ももぞの薫
やなせなつみ,やなせなつみ
やましろもえ,やましろもえ
やみこ,やみこ
ゆいのあわゆき,ゆいのあわゆき
ゆかな,ゆかな
ゆき,ゆき
ゆきかすみ,ゆきかすみ
ゆきね,ゆきね
ゆきのさつき,ゆきのさつき
ゆきの凛,ゆきの凛
ゆづきひな。,ゆづきひな。
ゆなっち,ゆなっち
ゆま,ゆま
ゆまはぴ,ゆまはぴ
ゆめみめる,ゆめみめる
ゆめる。,ゆめる。
ゆめ子,ゆめ子
ゆめ（仮名）,ゆめ（仮名）
ゆり（へーどねー）,ゆり（へーどねー）
ゆんちゃむ,ゆんちゃむ
ゆーか,ゆーか
ゆーな,ゆーな
よくぼうﾁｬﾝ,よくぼうﾁｬﾝ
よもぎかすみ,よもぎかすみ
りょーねー,りょーねー
りりこ,りりこ
りりむ。,りりむ。
りんごあめちよ,りんごあめちよ
りんご飴,りんご飴
りー,りー
るく,るく
るのあ,るのあ
るび様,るび様
るり　こるり,るり　こるり
わらび,わらび
アダルトキーマカレー,アダルトキーマカレー
アメリー,アメリー
アルテミス,アルテミス
アルム・フェルラーベン,アルム・フェルラーベン
アンの～ん,アンの～ん
イオ,イオ
イヅカ,イヅカ
イルラ・ルミエール,イルラ・ルミエール
イル＝フローラ,イル＝フローラ
イヴ・ヴァルレーヌ,イヴ・ヴァルレーヌ
ウテナ,ウテナ
ウワサのミノルチャン,ウワサのミノルチャン
エルゼ・フォン・エーデルシュタイン,エルゼ・フォン・エーデルシュタイン
オトノカ,オトノカ
オネエ,オネエ
カスミ,カスミ
ギン姉さん,ギン姉さん
クマダクマヲ,クマダクマヲ
クリエ,クリエ
クリスらびっと,クリスらびっと
クロエルシフェル,クロエルシフェル
クロエ・ルシフェル,クロエ・ルシフェル
クロリア・フィリア,クロリア・フィリア
ケーキド,ケーキド
コトイチ,コトイチ
コトザ,コトザ
ゴルベーザみみこ,ゴルベーザみみこ
サーヤ,サーヤ
シリカゲル,シリカゲル
ジョルジオ・マルア・ナニーニ,ジョルジオ・マルア・ナニーニ
スピカ,スピカ
セルナスイ,セルナスイ
チャクちゃん,チャクちゃん
チョコボールミルク,チョコボールミルク
ツッキー,ツッキー
ツツミン,ツツミン
ツナうどん,ツナうどん
ツナツナ,ツナツナ
ディアマンテ・プリンシパリティーズ,ディアマンテ・プリンシパリティーズ
ナナシ,ナナシ
ナユキユズ,ナユキユズ
ナルエハルカ,ナルエハルカ
ニビ・ラベ,ニビ・ラベ
ニャルぽむぽむ,ニャルぽむぽむ
ハチミツ,ハチミツ
ハナ・ユイ・フローライト,ハナ・ユイ・フローライト
バーチャル淫魔お姉さんアネネ,バーチャル淫魔お姉さんアネネ
ヒナ（ぱん子）,ヒナ（ぱん子）
ヒマリ,ヒマリ
ヒメノ,ヒメノ
ビビアン・レッドドア,ビビアン・レッドドア
ビーンビーン,ビーンビーン
ファイルーズあい,ファイルーズあい
フィア,フィア
フィリアム,フィリアム
フェリシア・ライフ,フェリシア・ライフ
ブリドカットセーラ恵美,ブリドカットセーラ恵美
ヘル様,ヘル様
ペペ子,ペペ子
ボイスピーク,ボイスピーク
ボグドー,ボグドー
マイナス,マイナス
マユリ,マユリ
ミア・オーレッド,ミア・オーレッド
ミコト,ミコト
ミライアカリ,ミライアカリ
ムラサキオオカミ,ムラサキオオカミ
メイメイ,メイメイ
モンゴロイド800,モンゴロイド800
ヤンデレリョナラーやみ,ヤンデレリョナラーやみ
ユキト,ユキト
ユノ,ユノ
ユメノシオリ,ユメノシオリ
ユリハラ虧夕,ユリハラ虧夕
ユーナ,ユーナ
ユーフルカ,ユーフルカ
ユーリ,ユーリ
ヨルマガ！スタッフ,ヨルマガ！スタッフ
リユウ,リユウ
リーゼロッテ・カルメラ・メイ・シャルティ,リーゼロッテ・カルメラ・メイ・シャルティ
レイコ,レイコ
ワカコ,ワカコ
ヴィネーラ,ヴィネーラ
一ノ宮葵,一ノ宮葵
一之瀬りと,一之瀬りと
一条みお,一条みお
一橋にこ,一橋にこ
一色ヒカル,一色ヒカル
一野瀬結月,一野瀬結月
七七七七,七七七七
七井えま,七井えま
七凪るとろ,七凪るとろ
七城みつき,七城みつき
七夜月 蛍（塩胡椒目玉焼き）,七夜月 蛍（塩胡椒目玉焼き）
七夜月蛍,七夜月蛍
七奈,七奈
七彩紗雪,七彩紗雪
七條未緒,七條未緒
七海うと,七海うと
七海こねこ,七海こねこ
七瀬ひかり,七瀬ひかり
七瀬希,七瀬希
七瀬真結,七瀬真結
七篠はてな,七篠はてな
万愛トマト,万愛トマト
三ノ瀬アルエ,三ノ瀬アルエ
三上枝織,三上枝織
三八みみち,三八みみち
三宅麻理恵,三宅麻理恵
三日月小鳥,三日月小鳥
三条さくら,三条さくら
三枝ちえ,三枝ちえ
三枝アヤメ,三枝アヤメ
三枝千紗,三枝千紗
三森すずこ,三森すずこ
三森愛乃,三森愛乃
三浦千幸,三浦千幸
三瀬みゆり,三瀬みゆり
三瓶由布子,三瓶由布子
三神香弥,三神香弥
三葉りんご,三葉りんご
三谷縞めぐみ,三谷縞めぐみ
上原あおい,上原あおい
上原ゆあ,上原ゆあ
上坂すみれ,上坂すみれ
上条比呂,上条比呂
上條千尋,上條千尋
上田操,上田操
上田朱音,上田朱音
上田瞳,上田瞳
上田麗奈,上田麗奈
上絛千尋,上絛千尋
下屋則子,下屋則子
下田麻美,下田麻美
不明,不明
不破ふわり,不破ふわり
与田きなこ,与田きなこ
中上育実,中上育実
中井みのる,中井みのる
中原麻衣,中原麻衣
中家志穂,中家志穂
中島亜美,中島亜美
中島沙樹,中島沙樹
中村桜,中村桜
中村桜/廣田悠美/古木のぞみ,中村桜/廣田悠美/古木のぞみ
中村温姫,中村温姫
中道ねここ,中道ねここ
中野志乃,中野志乃
丸岡和佳奈,丸岡和佳奈
丹下桜,丹下桜
丹羽うさぎ,丹羽うさぎ
乃南ゆふ,乃南ゆふ
久住わかば,久住わかば
久佐ちあき,久佐ちあき
久保ユリカ,久保ユリカ
久保田未夢,久保田未夢
久野美咲,久野美咲
乙倉ゅい,乙倉ゅい
乙倉ゅい(乙倉由依),乙倉ゅい乙倉由依
乙倉ゅい（乙倉由依）,乙倉ゅい（乙倉由依）
乙倉碧,乙倉碧
九条れみ,九条れみ
九条菫玲,九条菫玲
九重なゆ,九重なゆ
亀ヶ森すず,亀ヶ森すず
二ツ森 双葉,二ツ森 双葉
二三三二一,二三三二一
二木仁香,二木仁香
五十嵐ナナコ,五十嵐ナナコ
五十嵐夕夏,五十嵐夕夏
五十嵐斎,五十嵐斎
五十嵐裕美,五十嵐裕美
五十嶋亜子,五十嶋亜子
五月雪夜,五月雪夜
五百崎せれん,五百崎せれん
五百川せれん,五百川せれん
五行なずな,五行なずな
井ノ上あみ,井ノ上あみ
井ノ頭とまり,井ノ頭とまり
井上ほの花,井上ほの花
井上喜久子,井上喜久子
井上果林,井上果林
井上麻里奈,井上麻里奈
井之上さくや,井之上さくや
井口裕香,井口裕香
井澤美香子,井澤美香子
井澤詩織,井澤詩織
井筒谷むーにゃー,井筒谷むーにゃー
井谷裸子,井谷裸子
井部天,井部天
亜久城皐月,亜久城皐月
仁科りづ,仁科りづ
今井麻美,今井麻美
今理名,今理名
今谷皆美,今谷皆美
仙台エリ,仙台エリ
伊ヶ崎綾香,伊ヶ崎綾香
伊久琴子,伊久琴子
伊月れん,伊月れん
伊東もえ,伊東もえ
伊東サラ,伊東サラ
伊橙/Kurihara Risako,伊橙/Kurihara Risako
伊波いすず,伊波いすず
伊瀬茉莉也,伊瀬茉莉也
伊菜,伊菜
伊藤かな恵,伊藤かな恵
伊藤優衣,伊藤優衣
伊藤静,伊藤静
会沢紗弥,会沢紗弥
伽月ゆぃ,伽月ゆぃ
佐々木サキ,佐々木サキ
佐々木未来,佐々木未来
佐久間のの,佐久間のの
佐伯伊織,佐伯伊織
佐倉あり,佐倉あり
佐倉いの,佐倉いの
佐倉いるの,佐倉いるの
佐倉もも花,佐倉もも花
佐倉杏,佐倉杏
佐倉江美,佐倉江美
佐倉綾音,佐倉綾音
佐倉遥,佐倉遥
佐月ユーリ,佐月ユーリ
佐木崎咲,佐木崎咲
佐東手鞠,佐東手鞠
佐藤ねこ丸,佐藤ねこ丸
佐藤みるく,佐藤みるく
佐藤凛,佐藤凛
佐藤凛子,佐藤凛子
佐藤千幸,佐藤千幸
佐藤希,佐藤希
佐藤日向,佐藤日向
佐藤星糖,佐藤星糖
佐藤杏,佐藤杏
佐藤聡美,佐藤聡美
佳山陽菜子,佳山陽菜子
依芙季,依芙季
倉下撫子,倉下撫子
倉持ねりね,倉持ねりね
倉橋結衣,倉橋結衣
倉浪あお,倉浪あお
倉葉アイリ,倉葉アイリ
優木かな,優木かな
兎月りりむ。,兎月りりむ。
兎月優蘭,兎月優蘭
兎野さくら,兎野さくら
兎鞠まり,兎鞠まり
八ッ橋きなこ,八ッ橋きなこ
八乙女しゃむ,八乙女しゃむ
八尋まみ,八尋まみ
八巻アンナ,八巻アンナ
八神よつば,八神よつば
六乃たたみ,六乃たたみ
六夕七月(ムセキナツ),六夕七月ムセキナツ
内田彩,内田彩
内田秀,内田秀
冬宮あずき,冬宮あずき
冬岸るい,冬岸るい
冬峰小鈴,冬峰小鈴
冬馬由美,冬馬由美
凪みなみ,凪みなみ
凪ユイナ,凪ユイナ
凪宮ゆずり,凪宮ゆずり
凪雲ゆう,凪雲ゆう
出会い系女子,出会い系女子
出涸茶ノ湯,出涸茶ノ湯
刃みちる,刃みちる
分倍河原シホ,分倍河原シホ
分部河原シホ,分部河原シホ
切株まいたけ,切株まいたけ
利香,利香
前川涼子,前川涼子
前田佳織里,前田佳織里
前田恵,前田恵
剣崎葵,剣崎葵
劉セイラ,劉セイラ
力丸乃りこ,力丸乃りこ
加々美澪,加々美澪
加川らん,加川らん
加持乃うさぎ,加持乃うさぎ
加波美影,加波美影
加苅智美,加苅智美
加藤英美里,加藤英美里
加隈亜衣,加隈亜衣
北原沙弥香,北原沙弥香
北条四三,北条四三
北板利亜,北板利亜
北見六花,北見六花
北都南,北都南
匿名00,匿名00
匿名希望,匿名希望
匿名確認,匿名確認
十色奏音,十色奏音
千代絢子,千代絢子
千夜(Chiyoru),千夜Chiyoru
千条アリア,千条アリア
千歳晃子,千歳晃子
千歳桜,千歳桜
千歳百合花,千歳百合花
千百合,千百合
千種蒼,千種蒼
千紗,千紗
千草ふみ,千草ふみ
千迷うな,千迷うな
半熟ぱいん,半熟ぱいん
半熟ぱいん(Hanjuku Pine),半熟ぱいんHanjuku Pine
南つゆり,南つゆり
南めいび,南めいび
南十字いっせい,南十字いっせい
南戸れいな,南戸れいな
南早紀,南早紀
南條愛乃,南條愛乃
卯月杏奈,卯月杏奈
卯衣,卯衣
原奈津子,原奈津子
原嶋あかり,原嶋あかり
原田ひとみ,原田ひとみ
原田彩楓,原田彩楓
友利まつり。,友利まつり。
友田彩也香,友田彩也香
双月らら,双月らら
双葉いよ,双葉いよ
双葉ななみ,双葉ななみ
双葉ゆい,双葉ゆい
口谷亜夜,口谷亜夜
古賀葵,古賀葵
古都ことり,古都ことり
古都にう,古都にう
叶 神,叶 神
叶奏なな,叶奏なな
叶枝心,叶枝心
叶神,叶神
叶神-kanae miwa-,叶神-kanae miwa-
合歓垣天音,合歓垣天音
吉川ひなの,吉川ひなの
吉川やしろ,吉川やしろ
吉田烏夜,吉田烏夜
名塚佳織,名塚佳織
向日一花,向日一花
向日葵なっつ,向日葵なっつ
向野まいの,向野まいの
君野りるる,君野りるる
吹一寧音,吹一寧音
周防パトラ,周防パトラ
和久井優,和久井優
和多田美咲,和多田美咲
和氣あず未,和氣あず未
和泉ゆきな,和泉ゆきな
和泉りゆ,和泉りゆ
和泉美鈴,和泉美鈴
和登のえる,和登のえる
和鳴るせ,和鳴るせ
咲ゆたか,咲ゆたか
咲楽,咲楽
唯莉,唯莉
唯香,唯香
四方山みかん,四方山みかん
四葉うさの,四葉うさの
四谷おはぎ,四谷おはぎ
四谷橋アカリ,四谷橋アカリ
園原あいり,園原あいり
園宮さつき,園宮さつき
土屋李央,土屋李央
地下アイドルayu,地下アイドルayu
坂吹ひな,坂吹ひな
堀米玲音,堀米玲音
塔葉じゅん,塔葉じゅん
塗木ちおり,塗木ちおり
塩胡椒目玉焼き,塩胡椒目玉焼き
声優,声優
声優:,声優:
壱智村小真,壱智村小真
夏吉ゆうこ,夏吉ゆうこ
夏峰いろは,夏峰いろは
夏恋ひまわり,夏恋ひまわり
夏木かなめ,夏木かなめ
夏生光,夏生光
夏目みつ華,夏目みつ華
夏目ミカコ,夏目ミカコ
夏美はるか,夏美はるか
夏野 白,夏野 白
夏野こおり,夏野こおり
夏野華,夏野華
夕凪音,夕凪音
夕奈,夕奈
夕宮奏風,夕宮奏風
夕霧花音,夕霧花音
多数,多数
多村彩美,多村彩美
夜ノすやり,夜ノすやり
夜尋,夜尋
夜想といき,夜想といき
夜神るあ,夜神るあ
夜美月どくろ,夜美月どくろ
夜道雪,夜道雪
夜長桜,夜長桜
夢乃ゅら,夢乃ゅら
夢伽りあん,夢伽りあん
夢前黎,夢前黎
夢咲みるく,夢咲みるく
夢咲めぇ,夢咲めぇ
夢宮ありす,夢宮ありす
夢幻てくの,夢幻てくの
夢月やみ,夢月やみ
夢羽,夢羽
夢見弖ヒカリ,夢見弖ヒカリ
大久保瑠美,大久保瑠美
大原さやか,大原さやか
大和田仁美,大和田仁美
大地葉,大地葉
大坪由佳,大坪由佳
大多喜つくし,大多喜つくし
大宗たゆゆ,大宗たゆゆ
大宮若葉,大宮若葉
大山チロル,大山チロル
大槻ひびき,大槻ひびき
大沢りん,大沢りん
大空直美,大空直美
大空風海,大空風海
大西亜玖璃,大西亜玖璃
大西沙織,大西沙織
大高あまね,大高あまね
天ノ宮ロゥ,天ノ宮ロゥ
天ヶ瀬なぎ,天ヶ瀬なぎ
天上紫乃華,天上紫乃華
天之いぬく,天之いぬく
天井はな,天井はな
天使なの,天使なの
天喰遥香,天喰遥香
天宮さゆり,天宮さゆり
天宮じゅじゅ,天宮じゅじゅ
天宮みや,天宮みや
天宮れもん,天宮れもん
天宮羊,天宮羊
天川はの,天川はの
天川みるく,天川みるく
天方美那,天方美那
天水ライラ,天水ライラ
天河てん,天河てん
天海やえ,天海やえ
天海由梨奈,天海由梨奈
天田れー,天田れー
天知遙,天知遙
天知遥,天知遥
天砕めてお,天砕めてお
天羽あんじゅ,天羽あんじゅ
天羽しづく,天羽しづく
天翔院ひいな,天翔院ひいな
天輝おこめ,天輝おこめ
天野すあま,天野すあま
天野みう,天野みう
天野みゆ,天野みゆ
天音悠里,天音悠里
天音羽乃,天音羽乃
奈々子（ナイナイツー）,奈々子（ナイナイツー）
奈凸,奈凸
奏カスカ,奏カスカ
奏星イト,奏星イト
奏谷しはる,奏谷しはる
奏雨,奏雨
奥寺かすみ,奥寺かすみ
奥川久美子,奥川久美子
奥野香耶,奥野香耶
女郎院蜘蛛子,女郎院蜘蛛子
奴隷ちゃん,奴隷ちゃん
如月さくら,如月さくら
如月ちよ,如月ちよ
如月はるん,如月はるん
如月夢羽,如月夢羽
妃桜,妃桜
妹,妹
妹のゆりな,妹のゆりな
姉の若菜,姉の若菜
姫乃ここの,姫乃ここの
姫乃もも,姫乃もも
姫之ここの,姫之ここの
姫城碧海,姫城碧海
姫川あいり,姫川あいり
姫川綾芽,姫川綾芽
姫月夢歌,姫月夢歌
姫桜りりか,姫桜りりか
姫熊りぼん,姫熊りぼん
姫神ありさ,姫神ありさ
姫綺るいな,姫綺るいな
姫華にちか,姫華にちか
媛貴,媛貴
宇佐山ばにら,宇佐山ばにら
安中ゆお,安中ゆお
安済知佳,安済知佳
安衣ほのか,安衣ほのか
安野希世乃,安野希世乃
安齊蛍,安齊蛍
安齋由香里,安齋由香里
宝りこ,宝りこ
宝珠るら,宝珠るら
実里ゅωゅ,実里ゅωゅ
室井かなめ,室井かなめ
室根萌里,室根萌里
宮下早紀,宮下早紀
宮代礼奈,宮代礼奈
宮内りるる,宮内りるる
宮原颯希,宮原颯希
宮坂雪,宮坂雪
宮本アリサ,宮本アリサ
宮本真綺,宮本真綺
宮村優子,宮村優子
宮沢ちはる,宮沢ちはる
宮瀬える,宮瀬える
宮瀬ゆゆ,宮瀬ゆゆ
宮鶴みや,宮鶴みや
宵宮めいろ,宵宮めいろ
富田美憂,富田美憂
寿司,寿司
寿松木明日花,寿松木明日花
小七瀬ハル,小七瀬ハル
小云,小云
小倉結衣,小倉結衣
小原好美,小原好美
小原莉子,小原莉子
小可爱,小可爱
小坂井ひよ,小坂井ひよ
小坂井祐莉絵,小坂井祐莉絵
小夜時雨,小夜時雨
小山ハル,小山ハル
小山内ぱんつ,小山内ぱんつ
小山百代,小山百代
小岩井ことり,小岩井ことり
小市眞琴,小市眞琴
小手鞠しえる,小手鞠しえる
小日向かえで,小日向かえで
小日向さくら,小日向さくら
小日向まろん,小日向まろん
小日向らむね,小日向らむね
小日向るり,小日向るり
小日向南,小日向南
小春日より,小春日より
小暮英麻,小暮英麻
小林ゆう,小林ゆう
小果こおら,小果こおら
小桜ひなせ,小桜ひなせ
小桜ほのか,小桜ほのか
小森りあ,小森りあ
小此木天音,小此木天音
小波すず,小波すず
小波渡陸,小波渡陸
小浮気純子,小浮気純子
小清水亜美,小清水亜美
小町ういら,小町ういら
小矢野空,小矢野空
小石川うに,小石川うに
小笠原 麦,小笠原 麦
小笠原早紀,小笠原早紀
小笠原麦,小笠原麦
小粋,小粋
小花井わか,小花井わか
小花衣こっこ,小花衣こっこ
小茉莉 唯香,小茉莉 唯香
小茉莉唯香,小茉莉唯香
小藤朱華,小藤朱華
小豆沢りるは,小豆沢りるは
小越紬,小越紬
小野早稀,小野早稀
小野涼子,小野涼子
小鈴こすず,小鈴こすず
小鈴ももか,小鈴ももか
小音,小音
小鳥遊かなた,小鳥遊かなた
尹乃小鳥,尹乃小鳥
尾崎真実,尾崎真実
尾崎花,尾崎花
尾波ながら,尾波ながら
居留守栞,居留守栞
山口立花子,山口立花子
山岡ゆり,山岡ゆり
山崎はるか,山崎はるか
山本希望,山本希望
山本桔梗,山本桔梗
山村響,山村響
山根綺,山根綺
山田じぇみこ,山田じぇみこ
山田じぇみ子,山田じぇみ子
山田テュテュル,山田テュテュル
山田麻莉奈,山田麻莉奈
山藤ちわ,山藤ちわ
山藤ちわわ。,山藤ちわわ。
山黒音玄,山黒音玄
岡本理絵,岡本理絵
岡野ハル,岡野ハル
岩田陽葵,岩田陽葵
岬いえな,岬いえな
岬タクト,岬タクト
岬塔子,岬塔子
川乃瀬由羽,川乃瀬由羽
川口莉奈,川口莉奈
川村万梨阿,川村万梨阿
川瀬由羽,川瀬由羽
川西めぐりか,川西めぐりか
巣子守なぎさ,巣子守なぎさ
工場ちゃん,工場ちゃん
巴パイン,巴パイン
巽悠衣子,巽悠衣子
市ノ瀬加那,市ノ瀬加那
市果ゆり,市果ゆり
希,希
帳ツキミ,帳ツキミ
常盤はなこ,常盤はなこ
常盤はな子,常盤はな子
平山笑美,平山笑美
平野みゆき,平野みゆき
平野斎,平野斎
広橋涼,広橋涼
弐珠司,弐珠司
弥生はる,弥生はる
彩倉星華,彩倉星華
彩咲ひまり,彩咲ひまり
彩夢ひな,彩夢ひな
彩森ちょこ,彩森ちょこ
彩沢はづき,彩沢はづき
彩瀬ゆり,彩瀬ゆり
彩葉,彩葉
彩葉サン,彩葉サン
彩藤些希夜,彩藤些希夜
彩音まりか,彩音まりか
影月瑠維,影月瑠維
彼方ゆうあ,彼方ゆうあ
後藤あみる,後藤あみる
後藤まゆか,後藤まゆか
後藤沙緒里,後藤沙緒里
後藤邑子,後藤邑子
後藤麻衣,後藤麻衣
御上みみ,御上みみ
御伽ネオ,御伽ネオ
御子柴こより,御子柴こより
御子柴泉,御子柴泉
御崎ひより,御崎ひより
御苑生メイ,御苑生メイ
御門モモ,御門モモ
徳井青空,徳井青空
心城ゆあら,心城ゆあら
心奏みこ,心奏みこ
心撫,心撫
志星 保空,志星 保空
志田もなか,志田もなか
思ちぽ,思ちぽ
恋心　叶,恋心　叶
恋摘もなか,恋摘もなか
恋猫ちろる,恋猫ちろる
恋羽もこ,恋羽もこ
恋鈴桃歌,恋鈴桃歌
恵比寿とうか,恵比寿とうか
悠月かのん,悠月かのん
悠月久遠,悠月久遠
悠木藍香,悠木藍香
悪乃まが,悪乃まが
想音くえす,想音くえす
愚呂川涼菜,愚呂川涼菜
愛内もも,愛内もも
愛庭はくあ,愛庭はくあ
愛東ななか,愛東ななか
愛枝今日子,愛枝今日子
愛染マーラ,愛染マーラ
愛美,愛美
愛葉るび,愛葉るび
憂木あづま,憂木あづま
成瀬未亜,成瀬未亜
戸嶋直,戸嶋直
戸川亜樹,戸川亜樹
戸松遥,戸松遥
戸田めぐみ,戸田めぐみ
扇阪まこ,扇阪まこ
手塚りょうこ,手塚りょうこ
手鞠響子,手鞠響子
折笠愛,折笠愛
押手まいる,押手まいる
持田幸果,持田幸果
推し屋の艶っぽい声の声優さん,推し屋の艶っぽい声の声優さん
擬人化にゃんた,擬人化にゃんた
敷島めう,敷島めう
文月桔梗,文月桔梗
斉藤佑圭,斉藤佑圭
新田恵海,新田恵海
旗絵とあ,旗絵とあ
日ノ森あんず,日ノ森あんず
日下ノマ,日下ノマ
日乃ことり,日乃ことり
日向妃月,日向妃月
日岡なつみ,日岡なつみ
日暮美咲,日暮美咲
日高里菜,日高里菜
日髙のり子,日髙のり子
早乙女夢叶,早乙女夢叶
早乙女涙依,早乙女涙依
早乙女花音,早乙女花音
早乙女雪,早乙女雪
早川あいす,早川あいす
早瀬ゃょぃ,早瀬ゃょぃ
明坂聡美,明坂聡美
明日葉よもぎ,明日葉よもぎ
明治らんぷ,明治らんぷ
星あまう,星あまう
星あんず,星あんず
星もえる,星もえる
星丸ななか,星丸ななか
星乃すぴか,星乃すぴか
星乃めもり,星乃めもり
星乃らむ,星乃らむ
星天紡,星天紡
星奈つき乃,星奈つき乃
星月るな,星月るな
星森ちい,星森ちい
星沢 凪沙,星沢 凪沙
星海奏歌,星海奏歌
星深ななえ,星深ななえ
星空ユメ,星空ユメ
星空青依,星空青依
星羅あかね,星羅あかね
星花,星花
星花美月,星花美月
星谷美緒,星谷美緒
星野ゆん,星野ゆん
星野天,星野天
星野桃歌,星野桃歌
星野梓,星野梓
星闇るでぃ,星闇るでぃ
星鹿りえ,星鹿りえ
春乃 むみ,春乃 むみ
春乃つくし,春乃つくし
春乃はる,春乃はる
春乃まい,春乃まい
春山色葉,春山色葉
春日アン,春日アン
春日井彩澄美,春日井彩澄美
春河あかり,春河あかり
春花らん,春花らん
春菜めばえ,春菜めばえ
春野くるみ,春野くるみ
春野りりこ,春野りりこ
春野杏,春野杏
春野菫,春野菫
春風めぐみ,春風めぐみ
是々,是々
暁つむぎ,暁つむぎ
暁鞠子,暁鞠子
月乃ねここ,月乃ねここ
月原舞,月原舞
月城くう,月城くう
月城めのう,月城めのう
月城カナエ,月城カナエ
月城姫乃,月城姫乃
月宮なつき,月宮なつき
月宮怜,月宮怜
月居宙,月居宙
月屋めの,月屋めの
月島ゆず,月島ゆず
月島夢,月島夢
月影凛,月影凛
月森ねね,月森ねね
月永りと,月永りと
月浦みのり,月浦みのり
月瀬奏太,月瀬奏太
月紫アリア,月紫アリア
月花うさぎ,月花うさぎ
月見らら,月見らら
月野きいろ,月野きいろ
月野もあ（仮面女子）,月野もあ（仮面女子）
月野夕紀,月野夕紀
月野茉希,月野茉希
有栖ねね,有栖ねね
有栖川みや美,有栖川みや美
有栖芽衣子,有栖芽衣子
有梨沙,有梨沙
有馬尚人,有馬尚人
朋永真季,朋永真季
朔夜,朔夜
望月えな,望月えな
望月のあ,望月のあ
朝ノ瑠璃,朝ノ瑠璃
朝倉麻衣,朝倉麻衣
朝富やくも,朝富やくも
朝月文,朝月文
朝香ゆず,朝香ゆず
朝香ナツ,朝香ナツ
木ノ湖うぇり,木ノ湖うぇり
木下いちご,木下いちご
木下くるみ,木下くるみ
木下鈴,木下鈴
木南まどか,木南まどか
木多野あり,木多野あり
木村あやか,木村あやか
木村千咲,木村千咲
木野原さやか,木野原さやか
未みぃ,未みぃ
未来レイ,未来レイ
未桃べるな,未桃べるな
未羽,未羽
未音,未音
末柄里恵,末柄里恵
末次由布子,末次由布子
本多未季,本多未季
本多真梨子,本多真梨子
本宮佳奈,本宮佳奈
本渡楓,本渡楓
本田さや,本田さや
本郷司,本郷司
朱殷-しゅあん-,朱殷-しゅあん-
朱音みゅう(仮名),朱音みゅう仮名
杉原茉莉,杉原茉莉
杏仁らいち,杏仁らいち
杏子御津,杏子御津
杏樹,杏樹
杏花,杏花
村上まなつ,村上まなつ
村上奈津実,村上奈津実
村瀬巴,村瀬巴
杠葉あき,杠葉あき
杠葉えりか,杠葉えりか
来夢ふらん,来夢ふらん
来栖なむる,来栖なむる
来栖オミ,来栖オミ
来栖ノア,来栖ノア
東かりん,東かりん
東ぼたん,東ぼたん
東めぐみ,東めぐみ
東ゆきの,東ゆきの
東十条真里亜,東十条真里亜
東山奈央,東山奈央
東愛,東愛
東條雪那,東條雪那
東雲のの,東雲のの
東雲沙紗,東雲沙紗
松井恵理子,松井恵理子
松岡侑里,松岡侑里
松村芽久未,松村芽久未
松田理沙,松田理沙
松田颯水,松田颯水
枕川すい,枕川すい
架月らみゅ,架月らみゅ
柊あみか,柊あみか
柊つらら,柊つらら
柊むーす,柊むーす
柊もも,柊もも
柊木こよみ,柊木こよみ
柊木めぐ,柊木めぐ
柊木架澄,柊木架澄
柊木梓沙,柊木梓沙
柊真冬,柊真冬
柊紗夜子,柊紗夜子
柏木れいな,柏木れいな
柒柒,柒柒
染子,染子
柚凪,柚凪
柚原みう,柚原みう
柚月愛子,柚月愛子
柚木 朱莉,柚木 朱莉
柚木つばめ,柚木つばめ
柚木ゆき,柚木ゆき
柚木凛,柚木凛
柚木朱莉,柚木朱莉
柚木玲奈,柚木玲奈
柚萌,柚萌
柳ひとみ,柳ひとみ
柳優雨,柳優雨
柳愛子,柳愛子
柴た〇,柴た〇
柾花音,柾花音
栖崎あんず,栖崎あんず
栗ねずみ,栗ねずみ
栗原千夜,栗原千夜
栗栖りりぃ,栗栖りりぃ
栗沢うた,栗沢うた
栗瀬さやね,栗瀬さやね
栗生 ひなた,栗生 ひなた
栗生ひなた,栗生ひなた
栗駒こまる,栗駒こまる
桃,桃
桃くりまんらん,桃くりまんらん
桃乃あいか,桃乃あいか
桃奈みゆい,桃奈みゆい
桃実さら,桃実さら
桃山いおん,桃山いおん
桃山小鳥,桃山小鳥
桃月あやか,桃月あやか
桃木みぞれ,桃木みぞれ
桃瀬こはる,桃瀬こはる
桃瀬める,桃瀬める
桃箱,桃箱
桃華れん,桃華れん
桃蘂めしべ,桃蘂めしべ
桃鍋みぞれ,桃鍋みぞれ
桃雛なの,桃雛なの
桐村まり,桐村まり
桐谷 花,桐谷 花
桜　叶恋,桜　叶恋
桜ころみん,桜ころみん
桜上水彩音,桜上水彩音
桜乃みより,桜乃みより
桜乃雫,桜乃雫
桜叶恋,桜叶恋
桜咲千依,桜咲千依
桜宮まお,桜宮まお
桜居ゆき,桜居ゆき
桜川なる,桜川なる
桜庭まりも,桜庭まりも
桜月秋姫,桜月秋姫
桜月花音,桜月花音
桜木アミサ,桜木アミサ
桜瀬尋,桜瀬尋
桜町都子,桜町都子
桜綺羅,桜綺羅
桜美天花,桜美天花
桜葉ろえ,桜葉ろえ
桜音のん,桜音のん
桜香,桜香
梅原亜衣,梅原亜衣
梅木ちはる,梅木ちはる
梓乃,梓乃
梨本悠里,梨本悠里
梵雪音,梵雪音
棗いつき,棗いつき
森のナホりん,森のナホりん
森乃なんな,森乃なんな
森瀬つぐみ,森瀬つぐみ
森野まこと,森野まこと
森野めぐむ,森野めぐむ
森野めぐむ　,森野めぐむ　
森野りりか,森野りりか
植田佳奈,植田佳奈
椎名へきる,椎名へきる
椎名透子,椎名透子
椎那天,椎那天
椿なつめ,椿なつめ
椿乃なお,椿乃なお
椿木,椿木
楓まろん,楓まろん
楠ろあ,楠ろあ
楠木まりあ,楠木まりあ
楠木わかな,楠木わかな
楠本さくら,楠本さくら
楠鈴音,楠鈴音
榊原ゆい,榊原ゆい
榊原瑠花,榊原瑠花
榊山すず,榊山すず
榊木春乃,榊木春乃
榎津まお,榎津まお
榛名れん,榛名れん
榛瀬飛鳥,榛瀬飛鳥
樋山ゆず,樋山ゆず
樹ひなの,樹ひなの
樽実,樽実
橋本ちなみ,橋本ちなみ
橘あさひ,橘あさひ
橘きの,橘きの
橘まお,橘まお
橘一葉,橘一葉
橘雛莉,橘雛莉
櫻レオナ,櫻レオナ
櫻井ありす,櫻井ありす
櫻井浩美,櫻井浩美
櫻坂きの,櫻坂きの
櫻川めぐ,櫻川めぐ
櫻木萌,櫻木萌
歌乃おるに,歌乃おるに
此花瑠璃,此花瑠璃
武川楓,武川楓
歩サラ,歩サラ
歩河みぃな,歩河みぃな
殊座,殊座
比那まり,比那まり
民安ともえ,民安ともえ
水咲りおな,水咲りおな
水城結衣,水城結衣
水島もも,水島もも
水島理音,水島理音
水戸みんと,水戸みんと
水戸ミント,水戸ミント
水橋かおり,水橋かおり
水澤あむ,水澤あむ
水瀬くれは,水瀬くれは
水瀬由菜,水瀬由菜
水無月蜜,水無月蜜
水町スイ,水町スイ
水白まなつ,水白まなつ
水神楓,水神楓
水織ひとみ,水織ひとみ
水谷六花,水谷六花
水野 雫,水野 雫
水野七海,水野七海
水野弥生,水野弥生
水音みずか,水音みずか
氷上のあ,氷上のあ
氷上恭子,氷上恭子
氷室百合,氷室百合
氷花院しずく子,氷花院しずく子
氷雨める,氷雨める
永久,永久
永井真衣,永井真衣
永峰鉄子,永峰鉄子
永野愛理,永野愛理
汐宮ゆず姫,汐宮ゆず姫
汐路美晴,汐路美晴
江井みゆき,江井みゆき
江花かすみ,江花かすみ
沖内もなか,沖内もなか
沖縄空手ヤンキー女,沖縄空手ヤンキー女
沢城みゆき,沢城みゆき
沢城懐,沢城懐
沢野ぽぷら,沢野ぽぷら
河内みのり,河内みのり
河瀬茉希,河瀬茉希
河野ひより,河野ひより
沼倉愛美,沼倉愛美
沼田有未,沼田有未
沼谷ゆづ,沼谷ゆづ
泉ソアラ,泉ソアラ
泡沫廻,泡沫廻
泡沫廻・雪平美羽,泡沫廻・雪平美羽
波野夏花,波野夏花
津田美波,津田美波
津軽りんご,津軽りんご
洲崎綾,洲崎綾
流川らき,流川らき
浅倉ともよ,浅倉ともよ
浅倉小春,浅倉小春
浅倉杏美,浅倉杏美
浅川あおい,浅川あおい
浅木式,浅木式
浅木式（六甲ひとり）,浅木式（六甲ひとり）
浅瀬ゆうぎ,浅瀬ゆうぎ
浅葱もえ,浅葱もえ
浅見ゆい,浅見ゆい
浅見桜,浅見桜
浅間日景,浅間日景
浜松眠斗,浜松眠斗
浜辺実雨,浜辺実雨
浪実みお,浪実みお
浪速みお,浪速みお
浮藻くらげ,浮藻くらげ
海乃奏多,海乃奏多
海原エレナ,海原エレナ
海悟,海悟
海星吏,海星吏
海王茉菜,海王茉菜
海空　あむ,海空　あむ
海野雫,海野雫
海音ミヅチ,海音ミヅチ
涼宮雨,涼宮雨
涼花みなせ,涼花みなせ
涼貴涼,涼貴涼
涼邑みく,涼邑みく
涼陽理緒,涼陽理緒
淀橋ほのか,淀橋ほのか
淑女がが,淑女がが
淡雪,淡雪
淫らなカワイイ,淫らなカワイイ
淫乱で下品な東京セレブ美女,淫乱で下品な東京セレブ美女
深川芹亜,深川芹亜
深海暗子,深海暗子
深瀬うつつ,深瀬うつつ
深田愛衣,深田愛衣
清歌,清歌
清水愛,清水愛
渋谷ひめ,渋谷ひめ
渕上舞,渕上舞
渡会ななせ,渡会ななせ
渡瀬なゆか,渡瀬なゆか
渡薫,渡薫
渡辺明乃,渡辺明乃
渡部恵子,渡部恵子
温和たまご,温和たまご
湖維みるく,湖維みるく
湯木ちゆり,湯木ちゆり
湯雲マコ,湯雲マコ
滅茶ねむ,滅茶ねむ
潮谷篭愛,潮谷篭愛
澄川桃子,澄川桃子
澤幡かえで,澤幡かえで
澤田あずさ,澤田あずさ
澤田なつ,澤田なつ
澪吽（れおん）,澪吽（れおん）
瀬名イチル,瀬名イチル
瀬川カノ,瀬川カノ
瀬川恵理,瀬川恵理
瀬戸らう,瀬戸らう
瀬良木若菜,瀬良木若菜
火神カナ,火神カナ
灯嬢こより,灯嬢こより
灰原苺,灰原苺
灰色アル,灰色アル
灰雪つらら,灰雪つらら
炎上するよ,炎上するよ
烏丸そら,烏丸そら
無糖しお,無糖しお
無記名アノニム,無記名アノニム
照井春佳,照井春佳
片倉ひな,片倉ひな
片桐愛夢,片桐愛夢
片桐秋,片桐秋
牧野由依,牧野由依
犬塚いちご,犬塚いちご
犬飼あお,犬飼あお
狗川みずいろ,狗川みずいろ
狛原ひの,狛原ひの
狛江撫子,狛江撫子
独りでできるもん,独りでできるもん
狼ノ宮ヒナギク,狼ノ宮ヒナギク
猪腰ちひろ,猪腰ちひろ
猪芝佳,猪芝佳
猫乃しろね,猫乃しろね
猫乃ユキノ,猫乃ユキノ
猫乃緒みみ,猫乃緒みみ
猫原いおり,猫原いおり
猫実々美,猫実々美
猫宮みゅう,猫宮みゅう
猫宮紫ノ葉（えひめりお）,猫宮紫ノ葉（えひめりお）
猫小夜くろえ,猫小夜くろえ
猫屋敷舞,猫屋敷舞
猫村ゆき,猫村ゆき
猫田ぶち,猫田ぶち
猫田ぺぺろ,猫田ぺぺろ
猫羽かりん,猫羽かりん
猫興野菜果,猫興野菜果
猫舐つな,猫舐つな
猫都梨愛,猫都梨愛
猫野うさぎ,猫野うさぎ
猫野ミィ,猫野ミィ
猫野ミミ,猫野ミミ
猫間るな,猫間るな
玉城えりな,玉城えりな
玉響まゆ,玉響まゆ
玖琉久斗,玖琉久斗
珊瑚,珊瑚
現世すてみ,現世すてみ
現役女王様あきほ,現役女王様あきほ
現役女王様なつみ,現役女王様なつみ
理科りえ,理科りえ
琥雪うずら,琥雪うずら
琴吹司,琴吹司
琴桜翠,琴桜翠
琴花木乃伊,琴花木乃伊
琴音 有波,琴音 有波
琴音有波,琴音有波
琴音有波(紅月ことね),琴音有波紅月ことね
琴香,琴香
瑞希ましろ,瑞希ましろ
瑞沢渓,瑞沢渓
璃宮るぅ,璃宮るぅ
甘噛すもも,甘噛すもも
甘姉てぃな,甘姉てぃな
甘星沙奈恵,甘星沙奈恵
甘色累,甘色累
甘草るーず,甘草るーず
生天目仁美,生天目仁美
生田薫,生田薫
生駒りん,生駒りん
田上真里奈,田上真里奈
田中,田中
田中ちえ美,田中ちえ美
田中理恵,田中理恵
田中美海,田中美海
田中莉々奈,田中莉々奈
田所あずさ,田所あずさ
田村ゆかり,田村ゆかり
田澤茉純,田澤茉純
田辺留依,田辺留依
田部朱麻,田部朱麻
由比かのん,由比かのん
由羽,由羽
由蘭,由蘭
癒癒,癒癒
癒蘭てぃな,癒蘭てぃな
白坂おゆ,白坂おゆ
白夜あこ,白夜あこ
白崎透子,白崎透子
白川みあ,白川みあ
白川みゆ,白川みゆ
白川パコ,白川パコ
白川黒子,白川黒子
白月かなめ,白月かなめ
白樺玲奈,白樺玲奈
白沢サヤカ,白沢サヤカ
白河みずき,白河みずき
白流くじら,白流くじら
白石この,白石この
白石晴香,白石晴香
白砂沙帆,白砂沙帆
白笹くろあ,白笹くろあ
白米サラダ,白米サラダ
白花 咲,白花 咲
白茶みかん,白茶みかん
白衣乃天使,白衣乃天使
白金にぃさ,白金にぃさ
白銀にぃさ,白銀にぃさ
白雪ましろ,白雪ましろ
白雪リリル,白雪リリル
白雪碧,白雪碧
白鷺風羽,白鷺風羽
百千るか,百千るか
百合,百合
百咲翠恋,百咲翠恋
百施夢望,百施夢望
百瀬凛,百瀬凛
皆口裕子,皆口裕子
皇ことこ,皇ことこ
皇帝黒猫京,皇帝黒猫京
皐月メイ,皐月メイ
皐月有,皐月有
目暮多にく,目暮多にく
直田姫奈,直田姫奈
相坂優歌,相坂優歌
相模恋,相模恋
相羽あいな,相羽あいな
相良茉優,相良茉優
相葉ゆきこ,相葉ゆきこ
眞田朱音,眞田朱音
真中ゆき,真中ゆき
真園あきら,真園あきら
真壁由依,真壁由依
真宮ひいろ,真宮ひいろ
真宮みま,真宮みま
真宮ゆず,真宮ゆず
真嶋ひより,真嶋ひより
真川空,真川空
真田アサミ,真田アサミ
真白かな,真白かな
真白まろん,真白まろん
真白真雪,真白真雪
真知谷つくも,真知谷つくも
真野あゆみ,真野あゆみ
真野さゆ魅,真野さゆ魅
真鶴コウ,真鶴コウ
眠音ひめ,眠音ひめ
眠音りま,眠音りま
眼疑まり,眼疑まり
睦月ひな,睦月ひな
睦月新汰,睦月新汰
矢吹もら,矢吹もら
矢野妃菜喜,矢野妃菜喜
石塚紗奈江,石塚紗奈江
石山雅,石山雅
石川由依,石川由依
石見舞菜香,石見舞菜香
石野那佳,石野那佳
石飛恵里花,石飛恵里花
砂糖しお,砂糖しお
碧山深依,碧山深依
碧棺らむだ,碧棺らむだ
祈流昴弥,祈流昴弥
祈瀬りん,祈瀬りん
祈瀬（いのせ）りん,祈瀬（いのせ）りん
神上真理,神上真理
神代そら,神代そら
神代雪乃,神代雪乃
神在ほたる,神在ほたる
神宮寺,神宮寺
神宮寺ナオ,神宮寺ナオ
神崎ゆら。,神崎ゆら。
神崎克樹,神崎克樹
神崎零,神崎零
神月来夢,神月来夢
神月紅璃夢,神月紅璃夢
神有住竜子,神有住竜子
神楽唯,神楽唯
神楽琴美,神楽琴美
神無みなと,神無みなと
神田理江,神田理江
神間みと,神間みと
福原綾香,福原綾香
福原香織,福原香織
福圓美里,福圓美里
福島あやみ,福島あやみ
福村みか,福村みか
福田純,福田純
秋の『』,秋の『』
秋冬ナツ,秋冬ナツ
秋山はるる,秋山はるる
秋川ひなた,秋川ひなた
秋月 雪,秋月 雪
秋本ねりね,秋本ねりね
秋桜咲良,秋桜咲良
秋草玖衣,秋草玖衣
秋葉よいこ,秋葉よいこ
秋葉モモ代,秋葉モモ代
秋野かえで,秋野かえで
秋野花,秋野花
秋風まりん,秋風まりん
秦佐和子,秦佐和子
種﨑敦美,種﨑敦美
稲垣麻木,稲垣麻木
稲川英里,稲川英里
穂波あき,穂波あき
穂香てまり,穂香てまり
空丸,空丸
空乃ことり,空乃ことり
空乃しずく,空乃しずく
空川りんか,空川りんか
空澤吟,空澤吟
空美夜つばさ,空美夜つばさ
突釧弖 鶫,突釧弖 鶫
立花日菜,立花日菜
立花沙羅,立花沙羅
立花理香,立花理香
竹中望,竹中望
竹内あん,竹内あん
竹早芽衣,竹早芽衣
竹達彩奈,竹達彩奈
笛楽有里,笛楽有里
笹原ぽたこ,笹原ぽたこ
笹本菜津枝,笹本菜津枝
箱河ノア,箱河ノア
篠ノ井凛,篠ノ井凛
篠原ゆみ,篠原ゆみ
篠守ゆきこ,篠守ゆきこ
糸井サラ,糸井サラ
紅井みい,紅井みい
紅原ユウ子,紅原ユウ子
紅月ことね,紅月ことね
紅条美衣,紅条美衣
紅猫さかな,紅猫さかな
紅葉様,紅葉様
紅葉美兎,紅葉美兎
紅葉美兎(clever-rabbit),紅葉美兎clever-rabbit
純な峠,純な峠
紗倉めぐ,紗倉めぐ
紗倉ゆな,紗倉ゆな
紗倉妃芽,紗倉妃芽
紗彩木ひそり,紗彩木ひそり
紗柚,紗柚
紗籐ましろ,紗籐ましろ
紗藤ましろ,紗藤ましろ
紙ちゅみ,紙ちゅみ
紡木吏佐,紡木吏佐
紫,紫
紫 凛子,紫 凛子
紫乃宮　愛,紫乃宮　愛
紫乃小文,紫乃小文
紫八雲,紫八雲
紫紀ペルシャ,紫紀ペルシャ
紫苑みやび,紫苑みやび
紫陽花,紫陽花
紬雪乃,紬雪乃
結依,結依
結名 美月,結名 美月
結城ほのか,結城ほのか
結姫うさぎ,結姫うさぎ
結崎有理,結崎有理
結月はな,結月はな
結月ふわり,結月ふわり
結木みなみ,結木みなみ
結野恵,結野恵
結音しなん,結音しなん
絵草紙,絵草紙
継守ことは,継守ことは
綺音,綺音
綺音様,綺音様
綾城いずな,綾城いずな
綾奈まりあ,綾奈まりあ
綾川ちゆき,綾川ちゆき
綾木ゆめ,綾木ゆめ
綾瀬ちよみ,綾瀬ちよみ
綾瀬つぐな,綾瀬つぐな
綾瀬まい,綾瀬まい
綾瀬ましろ,綾瀬ましろ
綾瀬桂吾,綾瀬桂吾
綾音まこ,綾音まこ
綿雪,綿雪
綿飴きゃるろ,綿飴きゃるろ
緋咲ゆう,緋咲ゆう
緋景,緋景
緋月陽菜,緋月陽菜
緋音愛,緋音愛
緑川ゆい,緑川ゆい
緑野らいむ,緑野らいむ
緒乃冬華,緒乃冬華
緒田マリ,緒田マリ
練切あんこ,練切あんこ
縁側こより,縁側こより
織田リコ,織田リコ
羊娘めめ,羊娘めめ
美かん,美かん
美吹ゆうさ,美吹ゆうさ
美咲,美咲
美咲さゆり,美咲さゆり
美島ゆう,美島ゆう
美月,美月
美朱,美朱
美波わかな,美波わかな
美由,美由
美空なつひ,美空なつひ
美都柚希,美都柚希
羽丘蛍,羽丘蛍
羽月まな,羽月まな
羽澄愛,羽澄愛
羽生ゆか,羽生ゆか
羽生アリサ,羽生アリサ
羽生羽見,羽生羽見
羽純せら,羽純せら
羽結乃,羽結乃
羽野花奏,羽野花奏
羽間夕夏,羽間夕夏
羽鳥小梅,羽鳥小梅
翠仙 珠風,翠仙 珠風
耳恋なか,耳恋なか
聖女れりあ,聖女れりあ
肯定ちゃん,肯定ちゃん
肯定ちゃん。,肯定ちゃん。
胡桃くるみ,胡桃くるみ
胡桃れみ,胡桃れみ
腹這いみじんこ,腹這いみじんこ
色葉,色葉
艶子,艶子
芝崎典子,芝崎典子
芥川りお,芥川りお
芦屋もこ,芦屋もこ
芦屋もこ。,芦屋もこ。
芦緒,芦緒
芦谷ナツメ,芦谷ナツメ
花ケ崎りん,花ケ崎りん
花丸あすな,花丸あすな
花井美春,花井美春
花南,花南
花咲椿姫,花咲椿姫
花咲椿姫（つばき）,花咲椿姫（つばき）
花咲真由理,花咲真由理
花城かざり,花城かざり
花守このは,花守このは
花守ゆみり,花守ゆみり
花宮楓,花宮楓
花寺香蓮,花寺香蓮
花屋敷やや,花屋敷やや
花房 隷,花房 隷
花房みお,花房みお
花散里,花散里
花月さや,花月さや
花村ゆき,花村ゆき
花森ミヤ,花森ミヤ
花泉じょあ,花泉じょあ
花澤さくら,花澤さくら
花笛ノ宮らてこ,花笛ノ宮らてこ
花笠,花笠
花笠れい,花笠れい
花籠かのか,花籠かのか
花蓮,花蓮
花見るん,花見るん
花見川ゆふ,花見川ゆふ
花香佐來,花香佐來
芳澤慧,芳澤慧
芹澤優,芹澤優
芹菜,芹菜
芽唯,芽唯
若宮とおか,若宮とおか
若月るな,若月るな
苺倉ぽぷり,苺倉ぽぷり
苺咲べりぃ,苺咲べりぃ
苺華ねるこ,苺華ねるこ
苺谷こころ,苺谷こころ
苺谷なの,苺谷なの
茅野愛衣,茅野愛衣
茉莉花,茉莉花
茜ちょこ,茜ちょこ
茜色紅葉,茜色紅葉
草薙桃子,草薙桃子
草野花恋,草野花恋
荒波爱,荒波爱
莉鈴香,莉鈴香
菘凪彩水,菘凪彩水
菫木さな,菫木さな
華夢しえる,華夢しえる
華都ともり,華都ともり
萌々嫁もか,萌々嫁もか
萌々葉,萌々葉
萱沼千穂,萱沼千穂
葉月くみ,葉月くみ
葉月つばさ,葉月つばさ
葉月ひかり,葉月ひかり
葉月まぁち,葉月まぁち
葉月ゆう,葉月ゆう
葉月絵理乃,葉月絵理乃
葉桜佑奈,葉桜佑奈
葉鳥なゆ,葉鳥なゆ
葵ゆり,葵ゆり
葵りお,葵りお
葵夏子,葵夏子
葵時緒,葵時緒
葵菫,葵菫
蒔田つぐみ,蒔田つぐみ
蒼乃むすび,蒼乃むすび
蒼依ハル,蒼依ハル
蒼倉りか,蒼倉りか
蒼奈陽菜,蒼奈陽菜
蒼真氷葵,蒼真氷葵
蒼紗,蒼紗
蓬かすみ,蓬かすみ
蓮見きお,蓮見きお
薄紅兎,薄紅兎
薫子,薫子
藍ノ宮あさひ,藍ノ宮あさひ
藍原ことみ,藍原ことみ
藍原杏子,藍原杏子
藍川ゆの,藍川ゆの
藍月なくる,藍月なくる
藍月真帆,藍月真帆
藍月音帆,藍月音帆
藍沢もえ,藍沢もえ
藍沢夏癒,藍沢夏癒
藍澤悠,藍澤悠
藍花セカイ,藍花セカイ
藤井ゆきよ,藤井ゆきよ
藤井アユ美,藤井アユ美
藤倉ありさ,藤倉ありさ
藤原にょん,藤原にょん
藤咲ウサ,藤咲ウサ
藤城みらの,藤城みらの
藤守イチカ,藤守イチカ
藤宮ひとこ,藤宮ひとこ
藤宮ゆかり,藤宮ゆかり
藤崎絵留,藤崎絵留
藤川なつ,藤川なつ
藤本彩花,藤本彩花
藤村咲樹,藤村咲樹
藤村歩,藤村歩
藤村莉央,藤村莉央
藤森しき,藤森しき
藤田茜,藤田茜
藤邑鈴香,藤邑鈴香
藤野あい,藤野あい
藤野もも,藤野もも
藤間かなえ,藤間かなえ
蘇芳レア,蘇芳レア
蘭,蘭
蘭世,蘭世
蘭月ほうあ,蘭月ほうあ
蜂丸桜也,蜂丸桜也
蜂埜みつ,蜂埜みつ
蜂宮葉月,蜂宮葉月
蜂蜜檸檬,蜂蜜檸檬
蜜嶺ゆりな,蜜嶺ゆりな
蜜月杏,蜜月杏
蜜桃,蜜桃
蝉サブレ,蝉サブレ
蠍媛,蠍媛
袖口フリル,袖口フリル
裏垢声優Kちゃん,裏垢声優Kちゃん
裏垢声優ちゃん,裏垢声優ちゃん
西原りか,西原りか
西園寺なみ,西園寺なみ
西宮ミア,西宮ミア
西明日香,西明日香
西本りみ,西本りみ
西浦のどか,西浦のどか
西瓜すいか,西瓜すいか
西田光,西田光
西田望見,西田望見
要しおり,要しおり
見香月純白,見香月純白
計名さや香,計名さや香
詩乃,詩乃
詩真,詩真
誠樹ふぁん,誠樹ふぁん
誰ですか？,誰ですか？
諏訪ななか,諏訪ななか
諏訪彩花,諏訪彩花
諸岡りま,諸岡りま
謳眞ときの,謳眞ときの
谷山アイカ,谷山アイカ
豊原あやか,豊原あやか
豊崎愛生,豊崎愛生
豊永ゆーな,豊永ゆーな
豊田萌絵,豊田萌絵
豊見盛ユラリ,豊見盛ユラリ
財木桜,財木桜
貴坂理緒,貴坂理緒
賭雨るぅる,賭雨るぅる
赤井リア,赤井リア
赤尾ひかる,赤尾ひかる
赤月ゆに,赤月ゆに
赤月ゆむ,赤月ゆむ
赤羽ねね,赤羽ねね
赤羽咲,赤羽咲
赤身伊織,赤身伊織
越乃あん,越乃あん
輝月さくら,輝月さくら
近藤玲奈,近藤玲奈
近藤美香,近藤美香
迩月弥生,迩月弥生
迩月弥生　,迩月弥生　
迷亭水鏡,迷亭水鏡
逢坂成美,逢坂成美
逢坂菜乃花,逢坂菜乃花
逢川奈々,逢川奈々
逢田梨香子,逢田梨香子
遊佐ミコト,遊佐ミコト
道楽みぃ,道楽みぃ
道草るか,道草るか
遠矢るい,遠矢るい
遠藤茉愛,遠藤茉愛
遠藤茜,遠藤茜
遠野そよぎ,遠野そよぎ
遠野ひかる,遠野ひかる
遥果,遥果
那丹谷かや,那丹谷かや
郡 彩香,郡 彩香
都みみち,都みみち
都みみち(三八みみち),都みみち三八みみち
酉乃結衣,酉乃結衣
里々朱あん,里々朱あん
里村いのり,里村いのり
里見さとみ,里見さとみ
野々乃有沙,野々乃有沙
野々原まどか,野々原まどか
野々村紗夜,野々村紗夜
野上コハナ,野上コハナ
野上菜月,野上菜月
野中みかん,野中みかん
野中藍,野中藍
野宮りこ,野宮りこ
野崎雨汰,野崎雨汰
野嶋らん,野嶋らん
野川さくら,野川さくら
野本ほたる,野本ほたる
野水伊織,野水伊織
野見山いくは,野見山いくは
金元寿子,金元寿子
金城たわし,金城たわし
金山華奈,金山華奈
金松由花,金松由花
金田まひる,金田まひる
金田みゅう,金田みゅう
金田朋子,金田朋子
鈴城璃衣音,鈴城璃衣音
鈴成える,鈴成える
鈴木みさ,鈴木みさ
鈴木愛唯,鈴木愛唯
鈴木愛奈,鈴木愛奈
鈴河,鈴河
鈴谷まや,鈴谷まや
鈴賀りん,鈴賀りん
鈴野みり,鈴野みり
鈴音・F・透子,鈴音・F・透子
銀河ひかる,銀河ひかる
錯良紗玖,錯良紗玖
鏑木はる,鏑木はる
長月あいり,長月あいり
長江里加,長江里加
長瀬ゆずは,長瀬ゆずは
長縄まりあ,長縄まりあ
長谷川れい,長谷川れい
長谷川明子,長谷川明子
長谷川玲奈,長谷川玲奈
長谷川育美,長谷川育美
長谷川里桃,長谷川里桃
長野凛子,長野凛子
門脇舞以,門脇舞以
間中紫織,間中紫織
関和美,関和美
阿澄佳奈,阿澄佳奈
阿部乃みく,阿部乃みく
降幡愛,降幡愛
降星空,降星空
陽乃ゆゆ,陽乃ゆゆ
陽向 かよ,陽向 かよ
陽向ぁぉぃ,陽向ぁぉぃ
陽向かよ,陽向かよ
陽向ネムリ,陽向ネムリ
陽向葵ゅか,陽向葵ゅか
陽林檎,陽林檎
雅柚葉,雅柚葉
雅鈴菜,雅鈴菜
雑魚伊すらみゅ,雑魚伊すらみゅ
雨夜ぷらむ,雨夜ぷらむ
雨宮イザ,雨宮イザ
雨宮優子,雨宮優子
雨宮涼,雨宮涼
雨情華月,雨情華月
雨情蛍,雨情蛍
雨色めろ,雨色めろ
雨音,雨音
雪乃しろ,雪乃しろ
雪乃りりか,雪乃りりか
雪村とあ,雪村とあ
雪白いろは,雪白いろは
雪花雫,雪花雫
雪見だいふく,雪見だいふく
雪邑水姫,雪邑水姫
雲八はち,雲八はち
雲母もや,雲母もや
雲雀ゆい,雲雀ゆい
霜月優,霜月優
霜月優　,霜月優　
霜月咲空,霜月咲空
霧島はるな,霧島はるな
霧島エマ,霧島エマ
青井美海,青井美海
青山ゆかり,青山ゆかり
青山吉能,青山吉能
青木瑠璃子,青木瑠璃子
青木茉莉,青木茉莉
青柳るう,青柳るう
青葉りんご,青葉りんご
静鈴,静鈴
音々,音々
音々子,音々子
音小屋,音小屋
音村もも,音村もも
音枝優日,音枝優日
音海こと,音海こと
音瀬麻美,音瀬麻美
音無涙,音無涙
音羽 咲夜,音羽 咲夜
音羽咲夜,音羽咲夜
音霊魂子,音霊魂子
風味鶏,風味鶏
風宮まつり,風宮まつり
風慈宮ユキ,風慈宮ユキ
風花ましろ,風花ましろ
風見唯花,風見唯花
風鈴みすず,風鈴みすず
風音,風音
風音ゆき,風音ゆき
飯田空,飯田空
飯野かな,飯野かな
飴乃しゅが,飴乃しゅが
飴川紫乃,飴川紫乃
餅よもぎ,餅よもぎ
餅月くるみ,餅月くるみ
餅梨あむ,餅梨あむ
饼饼,饼饼
首藤志奈,首藤志奈
香山いちご,香山いちご
香椎しい,香椎しい
香澄りょう,香澄りょう
馨月シノブ,馨月シノブ
馬嘉らら,馬嘉らら
馬渕恭子,馬渕恭子
駄天使るぅね,駄天使るぅね
高倉むき,高倉むき
高山ましろ,高山ましろ
高月めぐみ,高月めぐみ
高木遥香,高木遥香
高柳知葉,高柳知葉
高梨はなみ,高梨はなみ
高梨結蘭,高梨結蘭
高森奈津美,高森奈津美
高槻かなこ,高槻かなこ
高橋みお,高橋みお
高橋李依,高橋李依
高橋花林,高橋花林
高田憂希,高田憂希
高科悠心,高科悠心
高穂侑佳,高穂侑佳
高野麻里佳,高野麻里佳
髙橋ミナミ,髙橋ミナミ
鬼頭明里,鬼頭明里
魅惑,魅惑
魔暗ヤミ,魔暗ヤミ
鮎乃さしみ,鮎乃さしみ
鮎川夏生,鮎川夏生
鳥飼ひよ,鳥飼ひよ
鳥飼ひよ様,鳥飼ひよ様
鳳梨しろっぷ,鳳梨しろっぷ
鳴先そら,鳴先そら
鳴坂みあ,鳴坂みあ
鳴森りいあ,鳴森りいあ
鳴瀬なごみ,鳴瀬なごみ
鳴神月りあ,鳴神月りあ
鶏子,鶏子
鶴屋春人,鶴屋春人
鶴野有紗,鶴野有紗
鷹月さくら,鷹月さくら
鷹澄真咲,鷹澄真咲
鷹見沢ねね,鷹見沢ねね
鹿乃なのか,鹿乃なのか
鹿乃仔,鹿乃仔
鹿島ぼたん,鹿島ぼたん
鹿瀬紫卯,鹿瀬紫卯
鹿耳鈴,鹿耳鈴
麓,麓
麦チョコごはん,麦チョコごはん
麦チョコご飯,麦チョコご飯
麦咲輪 紫葵,麦咲輪 紫葵
麦咲輪紫葵,麦咲輪紫葵
麻倉わかば,麻倉わかば
麻倉由衣,麻倉由衣
麻宮ゆきな,麻宮ゆきな
黄ヶ咲ひまり,黄ヶ咲ひまり
黄昏リオ,黄昏リオ
黄金咲ちひろ,黄金咲ちひろ
黒咲りん,黒咲りん
黒岡奈々緒,黒岡奈々緒
黒岡奈々緒　,黒岡奈々緒　
黒木ほの香,黒木ほの香
黒松あやめ,黒松あやめ
黒沢ともよ,黒沢ともよ
黒澤スミレ,黒澤スミレ
＊＊＊,＊＊＊
＠あくびちゃん,＠あくびちゃん
ＣＡＮ,ＣＡＮ
Ｌｉｎ,Ｌｉｎ
ＭＩＹＵＫＩ,ＭＩＹＵＫＩ
ＭＯＭＯＫＡ。,ＭＯＭＯＫＡ。
ｃｉａｒａ,ｃｉａｒａ
